ticker,earn_date
AA,20250416
AA,20250122
AA,20241016
AA,20240717
AA,20240417
AA,20240117
AA,20231018
AA,20230719
AA,20230419
AA,20230118
AA,20221019
AA,20220720
AAL,20250424
AAL,20250123
AAL,20241024
AAL,20240725
AAL,20240425
AAL,20240125
AAL,20231019
AAL,20230720
AAL,20230427
AAL,20230126
AAL,20221020
AAL,20220721
AAON,20250430
AAON,20250227
AAON,20241107
AAON,20240801
AAON,20240502
AAON,20240228
AAON,20231106
AAON,20230803
AAON,20230504
AAON,20230227
AAON,20221107
AAON,20220808
AAPL,20250501
AAPL,20250130
AAPL,20241031
AAPL,20240801
AAPL,20240502
AAPL,20240201
AAPL,20231102
AAPL,20230803
AAPL,20230504
AAPL,20230202
AAPL,20221027
AAPL,20220728
ABNB,20250501
ABNB,20250213
ABNB,20241107
ABNB,20240806
ABNB,20240508
ABNB,20240213
ABNB,20231101
ABNB,20230803
ABNB,20230509
ABNB,20230214
ABNB,20221101
ABNB,20220802
ACN,20250620
ACN,20250320
ACN,20241219
ACN,20240926
ACN,20240620
ACN,20240321
ACN,20231219
ACN,20230928
ACN,20230622
ACN,20230323
ACN,20221216
ACN,20220922
ADBE,20250612
ADBE,20250312
ADBE,20241211
ADBE,20240912
ADBE,20240613
ADBE,20240314
ADBE,20231213
ADBE,20230914
ADBE,20230615
ADBE,20230315
ADBE,20221215
ADBE,20220915
ADI,20250522
ADI,20250219
ADI,20241126
ADI,20240821
ADI,20240522
ADI,20240221
ADI,20231121
ADI,20230823
ADI,20230524
ADI,20230215
ADI,20221122
ADI,20220817
ADM,20250506
ADM,20250204
ADM,20241118
ADM,20240730
ADM,20240430
ADM,20240312
ADM,20231024
ADM,20230725
ADM,20230425
ADM,20230126
ADM,20221025
ADM,20220726
ADP,20250430
ADP,20250129
ADP,20241030
ADP,20240731
ADP,20240501
ADP,20240131
ADP,20231025
ADP,20230726
ADP,20230426
ADP,20230125
ADP,20221026
ADP,20220727
ADSK,20250522
ADSK,20250227
ADSK,20241126
ADSK,20240829
ADSK,20240610
ADSK,20240229
ADSK,20231121
ADSK,20230823
ADSK,20230525
ADSK,20230223
ADSK,20221122
ADSK,20220824
AEM,20250424
AEM,20250213
AEM,20241030
AEM,20240731
AEM,20240425
AEM,20240215
AEM,20231025
AEM,20230726
AEM,20230427
AEM,20230216
AEM,20221026
AEM,20220727
AEP,20250506
AEP,20250213
AEP,20241106
AEP,20240730
AEP,20240430
AEP,20240226
AEP,20231102
AEP,20230727
AEP,20230504
AEP,20230223
AEP,20221027
AEP,20220727
AES,20250501
AES,20250228
AES,20241031
AES,20240801
AES,20240502
AES,20240226
AES,20231102
AES,20230803
AES,20230504
AES,20230227
AES,20221104
AES,20220804
AFL,20250430
AFL,20250205
AFL,20241030
AFL,20240731
AFL,20240501
AFL,20240131
AFL,20231101
AFL,20230801
AFL,20230426
AFL,20230201
AFL,20221031
AFL,20220801
AFRM,20250508
AFRM,20250206
AFRM,20241107
AFRM,20240828
AFRM,20240508
AFRM,20240208
AFRM,20231108
AFRM,20230824
AFRM,20230509
AFRM,20230208
AFRM,20221108
AFRM,20220825
AG,20250507
AG,20250220
AG,20241107
AG,20240801
AG,20240508
AG,20240222
AG,20231102
AG,20230803
AG,20230504
AG,20230223
AG,20221109
AG,20220804
AGI,20250430
AGI,20250219
AGI,20241106
AGI,20240731
AGI,20240424
AGI,20240221
AGI,20231025
AGI,20230726
AGI,20230426
AGI,20230222
AGI,20221026
AGI,20220727
AGNC,20250421
AGNC,20250127
AGNC,20241021
AGNC,20240722
AGNC,20240422
AGNC,20240122
AGNC,20231030
AGNC,20230724
AGNC,20230424
AGNC,20230130
AGNC,20221024
AGNC,20220725
AIG,20250501
AIG,20250211
AIG,20241104
AIG,20240731
AIG,20240501
AIG,20240213
AIG,20231101
AIG,20230801
AIG,20230504
AIG,20230215
AIG,20221101
AIG,20220808
AKAM,20250508
AKAM,20250220
AKAM,20241107
AKAM,20240808
AKAM,20240509
AKAM,20240213
AKAM,20231107
AKAM,20230808
AKAM,20230509
AKAM,20230214
AKAM,20221108
AKAM,20220809
ALC,20250513
ALC,20250225
ALC,20241112
ALC,20240820
ALC,20240513
ALC,20240227
ALC,20231114
ALC,20230815
ALC,20230509
ALC,20230227
ALC,20221115
ALC,20220809
ALGN,20250430
ALGN,20250205
ALGN,20241023
ALGN,20240724
ALGN,20240424
ALGN,20240131
ALGN,20231025
ALGN,20230726
ALGN,20230426
ALGN,20230201
ALGN,20221026
ALGN,20220727
ALL,20250430
ALL,20250205
ALL,20241030
ALL,20240731
ALL,20240501
ALL,20240207
ALL,20231101
ALL,20230801
ALL,20230503
ALL,20230201
ALL,20221102
ALL,20220803
ALLY,20250417
ALLY,20250122
ALLY,20241018
ALLY,20240717
ALLY,20240418
ALLY,20240119
ALLY,20231018
ALLY,20230719
ALLY,20230419
ALLY,20230120
ALLY,20221019
ALLY,20220719
AMAT,20250515
AMAT,20250213
AMAT,20241114
AMAT,20240815
AMAT,20240516
AMAT,20240215
AMAT,20231116
AMAT,20230817
AMAT,20230518
AMAT,20230216
AMAT,20221117
AMAT,20220818
AMD,20250506
AMD,20250204
AMD,20241029
AMD,20240730
AMD,20240430
AMD,20240130
AMD,20231031
AMD,20230801
AMD,20230502
AMD,20230131
AMD,20221101
AMD,20220802
AMGN,20250501
AMGN,20250204
AMGN,20241030
AMGN,20240806
AMGN,20240502
AMGN,20240206
AMGN,20231031
AMGN,20230803
AMGN,20230427
AMGN,20230131
AMGN,20221103
AMGN,20220804
AMT,20250429
AMT,20250225
AMT,20241029
AMT,20240730
AMT,20240430
AMT,20240227
AMT,20231026
AMT,20230727
AMT,20230426
AMT,20230223
AMT,20221027
AMT,20220728
AMZN,20250501
AMZN,20250206
AMZN,20241031
AMZN,20240801
AMZN,20240430
AMZN,20240201
AMZN,20231026
AMZN,20230803
AMZN,20230427
AMZN,20230202
AMZN,20221027
AMZN,20220728
APA,20250506
APA,20250225
APA,20241107
APA,20240730
APA,20240501
APA,20240221
APA,20231101
APA,20230802
APA,20230504
APA,20230223
APA,20221103
APA,20220803
AR,20250430
AR,20250212
AR,20241030
AR,20240731
AR,20240424
AR,20240214
AR,20231025
AR,20230726
AR,20230426
AR,20230215
AR,20221026
AR,20220727
ARGX,20250508
ARGX,20250227
ARGX,20241031
ARGX,20240725
ARGX,20240509
ARGX,20240229
ARGX,20231031
ARGX,20230727
ARGX,20230504
ARGX,20230302
ARGX,20221027
ARGX,20220728
ARMK,20250506
ARMK,20250204
ARMK,20241111
ARMK,20240806
ARMK,20240507
ARMK,20240206
ARMK,20231114
ARMK,20230808
ARMK,20230509
ARMK,20230207
ARMK,20221115
ARMK,20220809
ASML,20250416
ASML,20250129
ASML,20241015
ASML,20240717
ASML,20240417
ASML,20240124
ASML,20231018
ASML,20230719
ASML,20230419
ASML,20230125
ASML,20221019
ASML,20220720
ASO,20250610
ASO,20250320
ASO,20241210
ASO,20240910
ASO,20240611
ASO,20240321
ASO,20231130
ASO,20230831
ASO,20230606
ASO,20230316
ASO,20221207
ASO,20220907
AU,20250509
AU,20250219
AU,20241107
AU,20240806
AU,20220804
AUPH,20250512
AUPH,20250227
AUPH,20241107
AUPH,20240801
AUPH,20240502
AUPH,20240215
AUPH,20231102
AUPH,20230803
AUPH,20230504
AUPH,20230228
AUPH,20221103
AUPH,20220804
AVTR,20250425
AVTR,20250207
AVTR,20241025
AVTR,20240726
AVTR,20240426
AVTR,20240214
AVTR,20231027
AVTR,20230728
AVTR,20230428
AVTR,20230203
AVTR,20221028
AVTR,20220728
AXP,20250417
AXP,20250124
AXP,20241018
AXP,20240719
AXP,20240419
AXP,20240126
AXP,20231020
AXP,20230721
AXP,20230420
AXP,20230127
AXP,20221021
AXP,20220722
AZN,20250429
AZN,20250206
AZN,20241112
AZN,20240725
AZN,20240425
AZN,20240208
AZN,20231109
AZN,20230728
AZN,20230427
AZN,20230209
AZN,20221110
AZN,20220729
BABA,20250515
BABA,20250220
BABA,20241115
BABA,20240815
BABA,20240514
BABA,20240207
BABA,20231116
BABA,20230810
BABA,20230518
BABA,20230223
BABA,20221117
BABA,20220804
BAC,20250415
BAC,20250116
BAC,20241015
BAC,20240716
BAC,20240416
BAC,20240112
BAC,20231017
BAC,20230718
BAC,20230418
BAC,20230113
BAC,20221017
BAC,20220718
BBWI,20250529
BBWI,20250227
BBWI,20241125
BBWI,20240828
BBWI,20240604
BBWI,20240229
BBWI,20231116
BBWI,20230823
BBWI,20230518
BBWI,20230223
BBWI,20221116
BBWI,20220817
BBY,20250529
BBY,20250304
BBY,20241126
BBY,20240829
BBY,20240530
BBY,20240229
BBY,20231121
BBY,20230829
BBY,20230525
BBY,20230302
BBY,20221122
BBY,20220830
BCE,20250507
BCE,20250206
BCE,20241107
BCE,20240801
BCE,20240502
BCE,20240208
BCE,20231102
BCE,20230803
BCE,20230504
BCE,20230202
BCE,20221103
BCE,20220804
BCRX,20250505
BCRX,20250224
BCRX,20241104
BCRX,20240805
BCRX,20240506
BCRX,20240226
BCRX,20231102
BCRX,20230803
BCRX,20230503
BCRX,20230221
BCRX,20221101
BCRX,20220804
BCS,20250213
BCS,20240801
BCS,20240425
BCS,20240220
BE,20250430
BE,20250227
BE,20241107
BE,20240808
BE,20240508
BE,20240215
BE,20231108
BE,20230803
BE,20230509
BE,20230209
BE,20221103
BE,20220809
BEKE,20250515
BEKE,20250318
BEKE,20241121
BEKE,20240812
BEKE,20240523
BEKE,20240314
BEKE,20231108
BEKE,20230831
BEKE,20230518
BEKE,20230316
BEKE,20221130
BEKE,20220823
BEN,20250502
BEN,20250131
BEN,20241104
BEN,20240726
BEN,20240429
BEN,20240129
BEN,20231031
BEN,20230728
BEN,20230501
BEN,20230130
BEN,20221101
BEN,20220728
BIDU,20250521
BIDU,20250218
BIDU,20241121
BIDU,20240822
BIDU,20240516
BIDU,20240228
BIDU,20231121
BIDU,20230822
BIDU,20230516
BIDU,20230222
BIDU,20221122
BIDU,20220830
BILI,20250520
BILI,20250220
BILI,20241114
BILI,20240822
BILI,20240523
BILI,20240307
BILI,20231129
BILI,20230817
BILI,20230601
BILI,20230302
BILI,20221129
BILI,20220908
BKR,20250422
BKR,20250130
BKR,20241022
BKR,20240725
BKR,20240423
BKR,20240123
BKR,20231025
BKR,20230719
BKR,20230419
BKR,20230123
BKR,20221019
BKR,20220720
BMY,20250424
BMY,20250206
BMY,20241031
BMY,20240726
BMY,20240425
BMY,20240202
BMY,20231026
BMY,20230727
BMY,20230427
BMY,20230202
BMY,20221025
BMY,20220727
BNS,20250527
BNS,20250225
BNS,20241203
BNS,20240827
BNS,20240528
BNS,20240227
BNS,20231128
BNS,20230829
BNS,20230524
BNS,20230228
BNS,20221129
BNS,20220823
BP,20250429
BP,20250211
BP,20241029
BP,20240730
BP,20240507
BP,20240206
BP,20231031
BP,20230801
BP,20230502
BP,20230207
BP,20221101
BP,20220802
BSX,20250423
BSX,20250205
BSX,20241023
BSX,20240724
BSX,20240424
BSX,20240131
BSX,20231026
BSX,20230727
BSX,20230426
BSX,20230201
BSX,20221026
BSX,20220727
BUD,20250508
BUD,20250226
BUD,20241031
BUD,20240801
BUD,20240508
BUD,20240228
BUD,20231031
BUD,20230803
BUD,20230504
BUD,20230302
BUD,20221027
BUD,20220728
BX,20250417
BX,20250130
BX,20241017
BX,20240718
BX,20240417
BX,20240125
BX,20231019
BX,20230720
BX,20230419
BX,20230126
BX,20221020
BX,20220721
C,20250415
C,20250115
C,20241015
C,20240712
C,20240412
C,20240112
C,20231012
C,20230714
C,20230414
C,20230113
C,20221014
C,20220715
CAG,20250403
CAG,20241219
CAG,20241002
CAG,20240711
CAG,20240404
CAG,20240104
CAG,20231005
CAG,20230713
CAG,20230405
CAG,20230105
CAG,20221006
CAG,20220714
CAH,20250501
CAH,20250130
CAH,20241101
CAH,20240814
CAH,20240502
CAH,20240201
CAH,20231103
CAH,20230815
CAH,20230504
CAH,20230202
CAH,20221104
CAH,20220811
CARR,20250501
CARR,20250211
CARR,20241024
CARR,20240725
CARR,20240425
CARR,20240206
CARR,20231026
CARR,20230727
CARR,20230425
CARR,20230207
CARR,20221027
CARR,20220728
CAT,20250430
CAT,20250130
CAT,20241030
CAT,20240806
CAT,20240425
CAT,20240205
CAT,20231031
CAT,20230801
CAT,20230427
CAT,20230131
CAT,20221027
CAT,20220802
CCI,20250430
CCI,20250313
CCI,20241016
CCI,20240717
CCI,20240417
CCI,20240124
CCI,20231018
CCI,20230719
CCI,20230419
CCI,20230125
CCI,20221019
CCI,20220720
CCJ,20250501
CCJ,20250220
CCJ,20241107
CCJ,20240731
CCJ,20240430
CCJ,20240208
CCJ,20231031
CCJ,20230802
CCJ,20230428
CCJ,20230209
CCJ,20221027
CCJ,20220727
CCL,20250624
CCL,20250321
CCL,20241220
CCL,20240930
CCL,20240625
CCL,20240327
CCL,20231221
CCL,20230929
CCL,20230626
CCL,20230327
CCL,20221221
CCL,20220930
CDNS,20250428
CDNS,20250218
CDNS,20241028
CDNS,20240722
CDNS,20240422
CDNS,20240212
CDNS,20231023
CDNS,20230724
CDNS,20230424
CDNS,20230213
CDNS,20221024
CDNS,20220725
CEG,20250506
CEG,20250218
CEG,20241104
CEG,20240806
CEG,20240509
CEG,20240227
CEG,20231106
CEG,20230803
CEG,20230504
CEG,20230216
CEG,20221108
CEG,20220804
CF,20250507
CF,20250219
CF,20241030
CF,20240807
CF,20240501
CF,20240214
CF,20231101
CF,20230802
CF,20230501
CF,20230215
CF,20221102
CF,20220801
CFG,20250416
CFG,20250117
CFG,20241016
CFG,20240717
CFG,20240417
CFG,20240117
CFG,20231018
CFG,20230719
CFG,20230419
CFG,20230117
CFG,20221019
CFG,20220719
CFLT,20250430
CFLT,20250211
CFLT,20241030
CFLT,20240731
CFLT,20240507
CFLT,20240207
CFLT,20231101
CFLT,20230802
CFLT,20230503
CFLT,20230130
CFLT,20221102
CFLT,20220803
CG,20250508
CG,20250211
CG,20241107
CG,20240805
CG,20240501
CG,20240207
CG,20231107
CG,20230802
CG,20230504
CG,20230207
CG,20221108
CG,20220728
CGNX,20250430
CGNX,20250212
CGNX,20241030
CGNX,20240731
CGNX,20240502
CGNX,20240215
CGNX,20231031
CGNX,20230803
CGNX,20230504
CGNX,20230216
CGNX,20221103
CGNX,20220802
CHTR,20250425
CHTR,20250131
CHTR,20241101
CHTR,20240726
CHTR,20240426
CHTR,20240202
CHTR,20231027
CHTR,20230728
CHTR,20230428
CHTR,20230127
CHTR,20221028
CHTR,20220729
CI,20250502
CI,20250130
CI,20241031
CI,20240801
CI,20240502
CI,20240202
CI,20231102
CI,20230803
CI,20230505
CI,20230203
CI,20221103
CI,20220804
CL,20250425
CL,20250131
CL,20241025
CL,20240726
CL,20240426
CL,20240126
CL,20231027
CL,20230728
CL,20230428
CL,20230127
CL,20221028
CL,20220729
CLF,20250507
CLF,20250224
CLF,20241104
CLF,20240722
CLF,20240422
CLF,20240129
CLF,20231023
CLF,20230724
CLF,20230424
CLF,20230213
CLF,20221025
CLF,20220722
CM,20250529
CM,20250227
CM,20241205
CM,20240829
CM,20240530
CM,20240229
CM,20231130
CM,20230831
CM,20230525
CM,20230224
CM,20221201
CM,20220825
CMCSA,20250424
CMCSA,20250130
CMCSA,20241031
CMCSA,20240723
CMCSA,20240425
CMCSA,20240125
CMCSA,20231026
CMCSA,20230727
CMCSA,20230427
CMCSA,20230126
CMCSA,20221027
CMCSA,20220728
CME,20250423
CME,20250212
CME,20241023
CME,20240724
CME,20240424
CME,20240214
CME,20231025
CME,20230726
CME,20230426
CME,20230208
CME,20221026
CME,20220727
CNC,20250425
CNC,20250204
CNC,20241025
CNC,20240726
CNC,20240426
CNC,20240206
CNC,20231024
CNC,20230728
CNC,20230425
CNC,20230207
CNC,20221025
CNC,20220726
CNI,20250501
CNI,20250130
CNI,20241022
CNI,20240723
CNI,20240423
CNI,20240123
CNI,20231024
CNI,20230725
CNI,20230424
CNI,20230124
CNI,20221025
CNI,20220726
CNP,20250424
CNP,20250220
CNP,20241028
CNP,20240730
CNP,20240430
CNP,20240220
CNP,20231026
CNP,20230727
CNP,20230427
CNP,20230217
CNP,20221101
CNP,20220802
CNQ,20250508
CNQ,20250306
CNQ,20241031
CNQ,20240801
CNQ,20240502
CNQ,20240229
CNQ,20231102
CNQ,20230803
CNQ,20230504
CNQ,20230302
CNQ,20221103
CNQ,20220804
CNX,20250424
CNX,20250130
CNX,20241024
CNX,20240725
CNX,20240425
CNX,20240125
CNX,20231025
CNX,20230727
CNX,20230427
CNX,20230126
CNX,20221027
CNX,20220728
COF,20250422
COF,20250121
COF,20241024
COF,20240723
COF,20240425
COF,20240125
COF,20231026
COF,20230720
COF,20230427
COF,20230124
COF,20221027
COF,20220721
COHR,20250507
COHR,20250205
COHR,20241106
COHR,20240815
COHR,20240507
COHR,20240205
COHR,20231107
COHR,20230816
COHR,20230510
COHR,20230208
COHR,20221109
COHR,20220824
COIN,20250508
COIN,20250213
COIN,20241030
COIN,20240801
COIN,20240502
COIN,20240215
COIN,20231102
COIN,20230803
COIN,20230504
COIN,20230221
COIN,20221103
COIN,20220809
COLB,20250423
COLB,20250123
COLB,20241024
COLB,20240725
COLB,20240425
COLB,20240124
COLB,20231018
COLB,20230719
COLB,20230426
COLB,20230123
COLB,20221019
COLB,20220720
COP,20250508
COP,20250206
COP,20241031
COP,20240801
COP,20240502
COP,20240208
COP,20231102
COP,20230803
COP,20230504
COP,20230202
COP,20221103
COP,20220804
COST,20250529
COST,20250306
COST,20241212
COST,20240926
COST,20240606
COST,20240307
COST,20231214
COST,20230926
COST,20230601
COST,20230302
COST,20221208
COST,20220922
CP,20250430
CP,20250129
CP,20241023
CP,20240730
CP,20240424
CP,20240130
CP,20231025
CP,20230727
CP,20230426
CP,20230131
CP,20221026
CP,20220728
CPB,20250602
CPB,20250305
CPB,20241203
CPB,20240829
CPB,20240605
CPB,20240306
CPB,20231206
CPB,20230831
CPB,20230607
CPB,20230308
CPB,20221207
CPB,20220901
CPNG,20250506
CPNG,20250225
CPNG,20241105
CPNG,20240806
CPNG,20240507
CPNG,20240227
CPNG,20231107
CPNG,20230808
CPNG,20230509
CPNG,20230228
CPNG,20221109
CPNG,20220810
CPRT,20250522
CPRT,20250220
CPRT,20241121
CPRT,20240904
CPRT,20240516
CPRT,20240222
CPRT,20231116
CPRT,20230914
CPRT,20230517
CPRT,20230220
CPRT,20221116
CPRT,20220907
CRK,20250430
CRK,20250218
CRK,20241030
CRK,20240730
CRK,20240501
CRK,20240213
CRK,20231030
CRK,20230731
CRK,20230502
CRK,20230214
CRK,20221101
CRK,20220801
CRM,20250528
CRM,20250226
CRM,20241203
CRM,20240828
CRM,20240529
CRM,20240228
CRM,20231129
CRM,20230830
CRM,20230531
CRM,20230301
CRM,20221130
CRM,20220824
CROX,20250508
CROX,20250213
CROX,20241029
CROX,20240801
CROX,20240507
CROX,20240215
CROX,20231102
CROX,20230727
CROX,20230427
CROX,20230216
CROX,20221103
CROX,20220804
CRWD,20250603
CRWD,20250304
CRWD,20241126
CRWD,20240828
CRWD,20240604
CRWD,20240305
CRWD,20231128
CRWD,20230830
CRWD,20230531
CRWD,20230307
CRWD,20221129
CRWD,20220830
CSGP,20250429
CSGP,20250218
CSGP,20241022
CSGP,20240723
CSGP,20240422
CSGP,20240220
CSGP,20231024
CSGP,20230725
CSGP,20230425
CSGP,20230221
CSGP,20221025
CSGP,20220726
CSX,20250416
CSX,20250123
CSX,20241016
CSX,20240805
CSX,20240417
CSX,20240124
CSX,20231019
CSX,20230720
CSX,20230420
CSX,20230125
CSX,20221020
CSX,20220720
CUBE,20250501
CUBE,20250227
CUBE,20241031
CUBE,20240801
CUBE,20240425
CUBE,20240229
CUBE,20231102
CUBE,20230803
CUBE,20230427
CUBE,20230223
CUBE,20221027
CUBE,20220804
CVE,20250508
CVE,20250220
CVE,20241031
CVE,20240801
CVE,20240501
CVE,20240215
CVE,20231102
CVE,20230727
CVE,20230426
CVE,20230216
CVE,20221102
CVE,20220728
CVNA,20250507
CVNA,20250219
CVNA,20241030
CVNA,20240731
CVNA,20240501
CVNA,20240222
CVNA,20231102
CVNA,20230719
CVNA,20230504
CVNA,20230223
CVNA,20221103
CVNA,20220804
CVS,20250501
CVS,20250212
CVS,20241106
CVS,20240807
CVS,20240501
CVS,20240207
CVS,20231101
CVS,20230802
CVS,20230503
CVS,20230208
CVS,20221102
CVS,20220803
CZR,20250429
CZR,20250225
CZR,20241029
CZR,20240730
CZR,20240430
CZR,20240220
CZR,20231031
CZR,20230801
CZR,20230502
CZR,20230221
CZR,20221101
CZR,20220802
D,20250501
D,20250212
D,20241101
D,20240801
D,20240502
D,20240222
D,20231103
D,20230804
D,20230505
D,20230208
D,20221104
D,20220808
DAL,20250409
DAL,20250110
DAL,20241010
DAL,20240711
DAL,20240410
DAL,20240112
DAL,20231012
DAL,20230713
DAL,20230413
DAL,20230113
DAL,20221013
DAL,20220713
DASH,20250506
DASH,20250211
DASH,20241030
DASH,20240801
DASH,20240501
DASH,20240215
DASH,20231101
DASH,20230802
DASH,20230504
DASH,20230216
DASH,20221103
DASH,20220804
DDOG,20250506
DDOG,20250213
DDOG,20241107
DDOG,20240808
DDOG,20240507
DDOG,20240213
DDOG,20231107
DDOG,20230808
DDOG,20230504
DDOG,20230216
DDOG,20221103
DDOG,20220804
DE,20250515
DE,20250213
DE,20241121
DE,20240815
DE,20240516
DE,20240215
DE,20231122
DE,20230818
DE,20230519
DE,20230217
DE,20221123
DE,20220819
DELL,20250529
DELL,20250227
DELL,20241126
DELL,20240829
DELL,20240530
DELL,20240229
DELL,20231130
DELL,20230831
DELL,20230601
DELL,20230302
DELL,20221121
DELL,20220825
DEO,20230125
DHI,20250417
DHI,20250121
DHI,20241029
DHI,20240718
DHI,20240418
DHI,20240123
DHI,20231107
DHI,20230720
DHI,20230420
DHI,20230124
DHI,20221109
DHI,20220721
DHR,20250422
DHR,20250129
DHR,20241022
DHR,20240723
DHR,20240423
DHR,20240130
DHR,20231024
DHR,20230725
DHR,20230425
DHR,20230124
DHR,20221020
DHR,20220721
DINO,20250501
DINO,20250220
DINO,20241031
DINO,20240801
DINO,20240508
DINO,20240221
DINO,20231102
DINO,20230803
DINO,20230504
DINO,20230224
DINO,20221107
DINO,20220808
DKNG,20250508
DKNG,20250213
DKNG,20241107
DKNG,20240801
DKNG,20240502
DKNG,20240215
DKNG,20231102
DKNG,20230803
DKNG,20230504
DKNG,20230216
DKNG,20221104
DKNG,20220805
DLR,20250424
DLR,20250213
DLR,20241024
DLR,20240725
DLR,20240502
DLR,20240215
DLR,20231026
DLR,20230727
DLR,20230427
DLR,20230216
DLR,20221026
DLR,20220728
DLTR,20250604
DLTR,20250326
DLTR,20241204
DLTR,20240904
DLTR,20240605
DLTR,20240313
DLTR,20231129
DLTR,20230824
DLTR,20230525
DLTR,20230301
DLTR,20221122
DLTR,20220825
DOCU,20250605
DOCU,20250313
DOCU,20241205
DOCU,20240905
DOCU,20240606
DOCU,20240307
DOCU,20231207
DOCU,20230906
DOCU,20230608
DOCU,20230309
DOCU,20221208
DOCU,20220908
DOW,20250424
DOW,20250130
DOW,20241024
DOW,20240725
DOW,20240425
DOW,20240125
DOW,20231024
DOW,20230725
DOW,20230425
DOW,20230126
DOW,20221020
DOW,20220721
DTE,20250501
DTE,20250213
DTE,20241024
DTE,20240725
DTE,20240425
DTE,20240208
DTE,20231101
DTE,20230727
DTE,20230427
DTE,20230223
DTE,20221027
DTE,20220728
DUK,20250506
DUK,20250213
DUK,20241107
DUK,20240806
DUK,20240507
DUK,20240208
DUK,20231102
DUK,20230808
DUK,20230509
DUK,20230209
DUK,20221104
DUK,20220804
DVN,20250506
DVN,20250218
DVN,20241105
DVN,20240806
DVN,20240501
DVN,20240227
DVN,20231107
DVN,20230801
DVN,20230509
DVN,20230214
DVN,20221101
DVN,20220801
DXCM,20250501
DXCM,20250213
DXCM,20241024
DXCM,20240725
DXCM,20240425
DXCM,20240208
DXCM,20231026
DXCM,20230727
DXCM,20230427
DXCM,20230209
DXCM,20221027
DXCM,20220728
EA,20250506
EA,20250204
EA,20241029
EA,20240730
EA,20240507
EA,20240130
EA,20231101
EA,20230801
EA,20230509
EA,20230131
EA,20221101
EA,20220802
EBAY,20250430
EBAY,20250226
EBAY,20241030
EBAY,20240731
EBAY,20240501
EBAY,20240227
EBAY,20231107
EBAY,20230726
EBAY,20230426
EBAY,20230222
EBAY,20221102
EBAY,20220803
EC,20250508
EC,20250304
EC,20241114
EC,20240813
EC,20240506
EC,20240418
EC,20231107
EC,20230810
EC,20230512
EC,20230329
EC,20221108
EC,20220817
EMR,20250507
EMR,20250205
EMR,20241105
EMR,20240807
EMR,20240508
EMR,20240207
EMR,20231107
EMR,20230802
EMR,20230503
EMR,20230208
EMR,20221031
EMR,20220809
ENB,20250509
ENB,20250214
ENB,20241101
ENB,20240802
ENB,20240510
ENB,20240209
ENB,20231103
ENB,20230804
ENB,20230505
ENB,20230210
ENB,20221104
ENB,20220729
ENPH,20250422
ENPH,20250204
ENPH,20241022
ENPH,20240723
ENPH,20240423
ENPH,20240206
ENPH,20231026
ENPH,20230727
ENPH,20230425
ENPH,20230207
ENPH,20221025
ENPH,20220726
ENVX,20250430
ENVX,20250219
ENVX,20241029
ENVX,20240731
ENVX,20240501
ENVX,20240220
ENVX,20231107
ENVX,20230726
ENVX,20230426
ENVX,20230222
ENVX,20221101
ENVX,20220810
EOG,20250501
EOG,20250227
EOG,20241107
EOG,20240801
EOG,20240502
EOG,20240222
EOG,20231102
EOG,20230803
EOG,20230504
EOG,20230223
EOG,20221103
EOG,20220804
EQH,20250429
EQH,20250205
EQH,20241104
EQH,20240730
EQH,20240430
EQH,20240206
EQH,20231031
EQH,20230802
EQH,20230503
EQH,20230208
EQH,20221102
EQH,20220803
EQIX,20250430
EQIX,20250212
EQIX,20241030
EQIX,20240807
EQIX,20240508
EQIX,20240214
EQIX,20231025
EQIX,20230802
EQIX,20230503
EQIX,20230215
EQIX,20221102
EQIX,20220727
EQNR,20240425
EQNR,20240207
EQNR,20231027
EQNR,20230726
EQNR,20230504
EQT,20250422
EQT,20250218
EQT,20241029
EQT,20240723
EQT,20240423
EQT,20240213
EQT,20231025
EQT,20230725
EQT,20230426
EQT,20230215
EQT,20221026
EQT,20220727
ETSY,20250430
ETSY,20250219
ETSY,20241030
ETSY,20240731
ETSY,20240501
ETSY,20240221
ETSY,20231101
ETSY,20230802
ETSY,20230503
ETSY,20230222
ETSY,20221102
ETSY,20220727
EVRG,20250508
EVRG,20250227
EVRG,20241107
EVRG,20240809
EVRG,20240509
EVRG,20240229
EVRG,20231107
EVRG,20230804
EVRG,20230505
EVRG,20230224
EVRG,20221104
EVRG,20220804
EW,20250423
EW,20250211
EW,20241024
EW,20240724
EW,20240425
EW,20240206
EW,20231025
EW,20230726
EW,20230426
EW,20230131
EW,20221027
EW,20220728
EXC,20250501
EXC,20250212
EXC,20241030
EXC,20240801
EXC,20240502
EXC,20240221
EXC,20231102
EXC,20230802
EXC,20230503
EXC,20230214
EXC,20221103
EXC,20220803
EXPE,20250508
EXPE,20250206
EXPE,20241107
EXPE,20240808
EXPE,20240502
EXPE,20240208
EXPE,20231102
EXPE,20230803
EXPE,20230504
EXPE,20230209
EXPE,20221103
EXPE,20220804
F,20250505
F,20250205
F,20241028
F,20240724
F,20240424
F,20240206
F,20231026
F,20230727
F,20230502
F,20230202
F,20221026
F,20220727
FANG,20250505
FANG,20250224
FANG,20241104
FANG,20240805
FANG,20240430
FANG,20240220
FANG,20231106
FANG,20230731
FANG,20230501
FANG,20230221
FANG,20221107
FANG,20220801
FAST,20250411
FAST,20250117
FAST,20241011
FAST,20240712
FAST,20240411
FAST,20240118
FAST,20231012
FAST,20230713
FAST,20230413
FAST,20230119
FAST,20221013
FAST,20220713
FCX,20250424
FCX,20250123
FCX,20241022
FCX,20240723
FCX,20240423
FCX,20240124
FCX,20231019
FCX,20230720
FCX,20230421
FCX,20230125
FCX,20221020
FCX,20220721
FE,20250423
FE,20250226
FE,20241029
FE,20240730
FE,20240425
FE,20240208
FE,20231026
FE,20230801
FE,20230427
FE,20230213
FE,20221025
FE,20220726
FERG,20250603
FERG,20250311
FERG,20241210
FERG,20240917
FERG,20240604
FERG,20240305
FERG,20231205
FERG,20230926
FERG,20230606
FERG,20230307
FERG,20221206
FERG,20220927
FITB,20250417
FITB,20250121
FITB,20241018
FITB,20240719
FITB,20240419
FITB,20240119
FITB,20231019
FITB,20230720
FITB,20230420
FITB,20230119
FITB,20221020
FITB,20220721
FIVN,20250501
FIVN,20250220
FIVN,20241107
FIVN,20240808
FIVN,20240502
FIVN,20240221
FIVN,20231102
FIVN,20230807
FIVN,20230504
FIVN,20230222
FIVN,20221107
FIVN,20220728
FLEX,20250507
FLEX,20250129
FLEX,20241030
FLEX,20240724
FLEX,20240501
FLEX,20240131
FLEX,20231025
FLEX,20230726
FLEX,20230510
FLEX,20230125
FLEX,20221026
FLEX,20220727
FNF,20250507
FNF,20250220
FNF,20241106
FNF,20240805
FNF,20240508
FNF,20240221
FNF,20231107
FNF,20230808
FNF,20230503
FNF,20230222
FNF,20221108
FNF,20220802
FOX,20250512
FOX,20250204
FOX,20241104
FOX,20240806
FOX,20240508
FOX,20240207
FOX,20231102
FOX,20230808
FOX,20230509
FOX,20230208
FOX,20221101
FOX,20220810
FOXA,20250512
FOXA,20250204
FOXA,20241104
FOXA,20240806
FOXA,20240508
FOXA,20240207
FOXA,20231102
FOXA,20230808
FOXA,20230509
FOXA,20230208
FOXA,20221101
FOXA,20220810
FRO,20250523
FRO,20250227
FRO,20241127
FRO,20240830
FRO,20240530
FRO,20240229
FRO,20231130
FRO,20230824
FRO,20230531
FRO,20230228
FRO,20221130
FRO,20220825
FSLR,20250429
FSLR,20250225
FSLR,20241029
FSLR,20240730
FSLR,20240501
FSLR,20240227
FSLR,20231031
FSLR,20230727
FSLR,20230427
FSLR,20230228
FSLR,20221027
FSLR,20220728
FTI,20250424
FTI,20250227
FTI,20241024
FTI,20240725
FTI,20240425
FTI,20240222
FTI,20231026
FTI,20230727
FTI,20230427
FTI,20230223
FTI,20221026
FTI,20220727
FTNT,20250507
FTNT,20250206
FTNT,20241107
FTNT,20240806
FTNT,20240502
FTNT,20240206
FTNT,20231102
FTNT,20230803
FTNT,20230504
FTNT,20230207
FTNT,20221102
FTNT,20220803
FUTU,20250528
FUTU,20250312
FUTU,20241119
FUTU,20240820
FUTU,20240528
FUTU,20240314
FUTU,20231123
FUTU,20230824
FUTU,20230524
FUTU,20230328
FUTU,20221121
FUTU,20220830
GD,20250423
GD,20250129
GD,20241023
GD,20240724
GD,20240424
GD,20240124
GD,20231025
GD,20230726
GD,20230426
GD,20230125
GD,20221026
GD,20220727
GDS,20250520
GDS,20250319
GDS,20241119
GDS,20240821
GDS,20240522
GDS,20240326
GDS,20231122
GDS,20230822
GDS,20230525
GDS,20230315
GDS,20221121
GDS,20220823
GE,20250422
GE,20250123
GE,20241022
GE,20240723
GE,20240423
GE,20240123
GE,20231024
GE,20230725
GE,20230425
GE,20230124
GE,20221025
GE,20220726
GEN,20250506
GEN,20250130
GEN,20241030
GEN,20240801
GEN,20240509
GEN,20240201
GEN,20231107
GEN,20230803
GEN,20230511
GEN,20230202
GEN,20221108
GEN,20220804
GFI,20220824
GILD,20250424
GILD,20250211
GILD,20241106
GILD,20240808
GILD,20240425
GILD,20240206
GILD,20231107
GILD,20230803
GILD,20230427
GILD,20230202
GILD,20221027
GILD,20220802
GIS,20250625
GIS,20250319
GIS,20241218
GIS,20240918
GIS,20240626
GIS,20240320
GIS,20231220
GIS,20230920
GIS,20230628
GIS,20230323
GIS,20221220
GIS,20220921
GLW,20250429
GLW,20250129
GLW,20241029
GLW,20240730
GLW,20240430
GLW,20240130
GLW,20231024
GLW,20230725
GLW,20230425
GLW,20230131
GLW,20221025
GLW,20220726
GM,20250429
GM,20250128
GM,20241022
GM,20240723
GM,20240423
GM,20240130
GM,20231024
GM,20230725
GM,20230425
GM,20230131
GM,20221025
GM,20220726
GMAB,20250508
GMAB,20250212
GMAB,20241106
GMAB,20240808
GMAB,20240502
GMAB,20240214
GMAB,20231107
GMAB,20230803
GMAB,20230510
GMAB,20230222
GMAB,20221109
GMAB,20220810
GME,20250610
GME,20250325
GME,20241210
GME,20240910
GME,20240607
GME,20240326
GME,20231206
GME,20230906
GME,20230607
GME,20230321
GME,20221207
GME,20220907
GOOG,20250424
GOOG,20250204
GOOG,20241029
GOOG,20240723
GOOG,20240425
GOOG,20240130
GOOG,20231024
GOOG,20230725
GOOG,20230425
GOOG,20230202
GOOG,20221025
GOOG,20220726
GOOGL,20250424
GOOGL,20250204
GOOGL,20241029
GOOGL,20240723
GOOGL,20240425
GOOGL,20240130
GOOGL,20231024
GOOGL,20230725
GOOGL,20230425
GOOGL,20230202
GOOGL,20221025
GOOGL,20220726
GPN,20250506
GPN,20250213
GPN,20241030
GPN,20240807
GPN,20240501
GPN,20240214
GPN,20231031
GPN,20230801
GPN,20230501
GPN,20230210
GPN,20221031
GPN,20220801
GS,20250414
GS,20250115
GS,20241015
GS,20240715
GS,20240415
GS,20240116
GS,20231017
GS,20230719
GS,20230418
GS,20230117
GS,20221018
GS,20220718
GSK,20250430
GSK,20250205
GSK,20241030
GSK,20240731
GSK,20240501
GSK,20240131
GSK,20231101
GSK,20230726
GSK,20230426
GSK,20230201
GSK,20221102
GT,20250507
GT,20250213
GT,20241104
GT,20240731
GT,20240506
GT,20240212
GT,20231106
GT,20230802
GT,20230505
GT,20230213
GT,20221031
GT,20220805
HAL,20250422
HAL,20250122
HAL,20241107
HAL,20240719
HAL,20240423
HAL,20240123
HAL,20231024
HAL,20230719
HAL,20230425
HAL,20230124
HAL,20221025
HAL,20220719
HAS,20250424
HAS,20250220
HAS,20241024
HAS,20240725
HAS,20240424
HAS,20240213
HAS,20231026
HAS,20230803
HAS,20230427
HAS,20230216
HAS,20221018
HAS,20220719
HBAN,20250417
HBAN,20250117
HBAN,20241017
HBAN,20240719
HBAN,20240419
HBAN,20240119
HBAN,20231020
HBAN,20230721
HBAN,20230420
HBAN,20230120
HBAN,20221021
HBAN,20220721
HCA,20250425
HCA,20250124
HCA,20241025
HCA,20240723
HCA,20240426
HCA,20240130
HCA,20231024
HCA,20230727
HCA,20230421
HCA,20230127
HCA,20221021
HCA,20220722
HD,20250520
HD,20250225
HD,20241112
HD,20240813
HD,20240514
HD,20240220
HD,20231114
HD,20230815
HD,20230516
HD,20230221
HD,20221115
HD,20220816
HON,20250429
HON,20250206
HON,20241024
HON,20240725
HON,20240425
HON,20240201
HON,20231026
HON,20230727
HON,20230427
HON,20230202
HON,20221027
HON,20220728
HOOD,20250430
HOOD,20250212
HOOD,20241030
HOOD,20240807
HOOD,20240508
HOOD,20240213
HOOD,20231107
HOOD,20230802
HOOD,20230510
HOOD,20230208
HOOD,20221102
HOOD,20220802
HPE,20250603
HPE,20250306
HPE,20241205
HPE,20240904
HPE,20240604
HPE,20240229
HPE,20231128
HPE,20230829
HPE,20230530
HPE,20230302
HPE,20221129
HPE,20220830
HPQ,20250528
HPQ,20250227
HPQ,20241126
HPQ,20240828
HPQ,20240529
HPQ,20240228
HPQ,20231121
HPQ,20230829
HPQ,20230530
HPQ,20230228
HPQ,20221122
HPQ,20220830
HR,20250501
HR,20250219
HR,20241030
HR,20240802
HR,20240507
HR,20240216
HR,20231103
HR,20230808
HR,20230509
HR,20230301
HR,20221109
HR,20220809
HSBC,20250218
HST,20250430
HST,20250219
HST,20241106
HST,20240731
HST,20240501
HST,20240221
HST,20231101
HST,20230802
HST,20230503
HST,20230215
HST,20221102
HST,20220803
HWC,20250415
HWC,20250121
HWC,20241015
HWC,20240716
HWC,20240416
HWC,20240116
HWC,20231017
HWC,20230718
HWC,20230418
HWC,20230117
HWC,20221018
HWC,20220719
HWM,20250501
HWM,20250213
HWM,20241106
HWM,20240730
HWM,20240502
HWM,20240213
HWM,20231102
HWM,20230801
HWM,20230502
HWM,20230214
HWM,20221031
HWM,20220804
IBM,20250423
IBM,20250129
IBM,20241023
IBM,20240724
IBM,20240424
IBM,20240124
IBM,20231025
IBM,20230719
IBM,20230419
IBM,20230125
IBM,20221019
IBM,20220718
ILMN,20250508
ILMN,20250206
ILMN,20241104
ILMN,20240806
ILMN,20240502
ILMN,20240208
ILMN,20231109
ILMN,20230809
ILMN,20230425
ILMN,20230207
ILMN,20221103
ILMN,20220811
ING,20250502
ING,20230511
ING,20230202
ING,20221103
ING,20220803
INTC,20250424
INTC,20250130
INTC,20241031
INTC,20240801
INTC,20240425
INTC,20240125
INTC,20231026
INTC,20230727
INTC,20230427
INTC,20230126
INTC,20221027
INTC,20220728
INTU,20250522
INTU,20250225
INTU,20241121
INTU,20240822
INTU,20240523
INTU,20240222
INTU,20231128
INTU,20230823
INTU,20230523
INTU,20230223
INTU,20221129
INTU,20220823
INVH,20250430
INVH,20250226
INVH,20241030
INVH,20240724
INVH,20240430
INVH,20240213
INVH,20231025
INVH,20230726
INVH,20230501
INVH,20230215
INVH,20221026
INVH,20220727
IP,20250430
IP,20250130
IP,20241031
IP,20240724
IP,20240425
IP,20240201
IP,20231026
IP,20230727
IP,20230427
IP,20230131
IP,20221027
IP,20220728
ISRG,20250422
ISRG,20250123
ISRG,20241017
ISRG,20240718
ISRG,20240418
ISRG,20240123
ISRG,20231019
ISRG,20230720
ISRG,20230418
ISRG,20230124
ISRG,20221018
ISRG,20220721
IVZ,20250422
IVZ,20250128
IVZ,20241022
IVZ,20240723
IVZ,20240423
IVZ,20240123
IVZ,20231024
IVZ,20230725
IVZ,20230425
IVZ,20230124
IVZ,20221025
IVZ,20220727
JCI,20250507
JCI,20250205
JCI,20241106
JCI,20240731
JCI,20240501
JCI,20240130
JCI,20231212
JCI,20230802
JCI,20230505
JCI,20230201
JCI,20221103
JCI,20220804
JD,20250513
JD,20250306
JD,20241114
JD,20240815
JD,20240516
JD,20240306
JD,20231115
JD,20230816
JD,20230511
JD,20230309
JD,20221118
JD,20220823
JNJ,20250415
JNJ,20250122
JNJ,20241015
JNJ,20240717
JNJ,20240416
JNJ,20240123
JNJ,20231017
JNJ,20230720
JNJ,20230418
JNJ,20230124
JNJ,20221018
JNJ,20220719
JPM,20250411
JPM,20250115
JPM,20241011
JPM,20240712
JPM,20240412
JPM,20240112
JPM,20231013
JPM,20230714
JPM,20230414
JPM,20230113
JPM,20221014
JPM,20220714
KDP,20250424
KDP,20250225
KDP,20241024
KDP,20240725
KDP,20240425
KDP,20240222
KDP,20231026
KDP,20230727
KDP,20230427
KDP,20230223
KDP,20221027
KDP,20220728
KEY,20250417
KEY,20250121
KEY,20241017
KEY,20240718
KEY,20240418
KEY,20240118
KEY,20231019
KEY,20230720
KEY,20230420
KEY,20230119
KEY,20221020
KEY,20220721
KHC,20250429
KHC,20250212
KHC,20241030
KHC,20240731
KHC,20240501
KHC,20240214
KHC,20231101
KHC,20230802
KHC,20230503
KHC,20230215
KHC,20221026
KHC,20220727
KIM,20250501
KIM,20250207
KIM,20241031
KIM,20240801
KIM,20240502
KIM,20240208
KIM,20231026
KIM,20230727
KIM,20230427
KIM,20230209
KIM,20221027
KIM,20220728
KKR,20250501
KKR,20250204
KKR,20241024
KKR,20240731
KKR,20240501
KKR,20240206
KKR,20231107
KKR,20230807
KKR,20230508
KKR,20230207
KKR,20221101
KKR,20220802
KLAC,20250430
KLAC,20250130
KLAC,20241030
KLAC,20240724
KLAC,20240425
KLAC,20240125
KLAC,20231025
KLAC,20230727
KLAC,20230426
KLAC,20230126
KLAC,20221026
KLAC,20220728
KMI,20250416
KMI,20250122
KMI,20241016
KMI,20240717
KMI,20240417
KMI,20240117
KMI,20231018
KMI,20230719
KMI,20230419
KMI,20230118
KMI,20221019
KMI,20220720
KMX,20250620
KMX,20250410
KMX,20241219
KMX,20240926
KMX,20240621
KMX,20240411
KMX,20231221
KMX,20230928
KMX,20230623
KMX,20230411
KMX,20221222
KMX,20220929
KO,20250429
KO,20250211
KO,20241023
KO,20240723
KO,20240430
KO,20240213
KO,20231024
KO,20230726
KO,20230424
KO,20230214
KO,20221025
KO,20220726
KR,20250620
KR,20250306
KR,20241205
KR,20240912
KR,20240620
KR,20240307
KR,20231130
KR,20230908
KR,20230615
KR,20230302
KR,20221201
KR,20220909
KSS,20250529
KSS,20250311
KSS,20241126
KSS,20240828
KSS,20240530
KSS,20240312
KSS,20231121
KSS,20230823
KSS,20230524
KSS,20230301
KSS,20221117
KSS,20220818
LAC,20250515
LAC,20250328
LAC,20241107
LAC,20240814
LAC,20240513
LCID,20250506
LCID,20250225
LCID,20241107
LCID,20240805
LCID,20240506
LCID,20240221
LCID,20231107
LCID,20230807
LCID,20230508
LCID,20230222
LCID,20221108
LCID,20220803
LEN,20250616
LEN,20250320
LEN,20241218
LEN,20240919
LEN,20240617
LEN,20240313
LEN,20231214
LEN,20230913
LEN,20230614
LEN,20230314
LEN,20221214
LEN,20220921
LI,20250529
LI,20250314
LI,20241031
LI,20240828
LI,20240520
LI,20240226
LI,20231109
LI,20230808
LI,20230510
LI,20230227
LI,20221209
LI,20220815
LIN,20250501
LIN,20250206
LIN,20241031
LIN,20240802
LIN,20240502
LIN,20240206
LIN,20231026
LIN,20230727
LIN,20230427
LIN,20230207
LIN,20221027
LIN,20220728
LNC,20250508
LNC,20250206
LNC,20241031
LNC,20240801
LNC,20240502
LNC,20240208
LNC,20231101
LNC,20230802
LNC,20230509
LNC,20230208
LNC,20221102
LNC,20220803
LOGI,20250429
LOGI,20250128
LOGI,20241021
LOGI,20240722
LOGI,20240429
LOGI,20240121
LOGI,20231023
LOGI,20230724
LOGI,20230501
LOGI,20230123
LOGI,20221024
LOGI,20220725
LOW,20250521
LOW,20250226
LOW,20241119
LOW,20240820
LOW,20240521
LOW,20240227
LOW,20231121
LOW,20230822
LOW,20230523
LOW,20230301
LOW,20221116
LOW,20220817
LRCX,20250423
LRCX,20250129
LRCX,20241023
LRCX,20240731
LRCX,20240424
LRCX,20240124
LRCX,20231018
LRCX,20230726
LRCX,20230419
LRCX,20230125
LRCX,20221019
LRCX,20220727
LULU,20250605
LULU,20250327
LULU,20241205
LULU,20240829
LULU,20240605
LULU,20240321
LULU,20231207
LULU,20230831
LULU,20230601
LULU,20230328
LULU,20221208
LULU,20220901
LUV,20250423
LUV,20250130
LUV,20241024
LUV,20240725
LUV,20240425
LUV,20240125
LUV,20231026
LUV,20230727
LUV,20230427
LUV,20230126
LUV,20221027
LUV,20220728
LVS,20250423
LVS,20250129
LVS,20241023
LVS,20240724
LVS,20240417
LVS,20240124
LVS,20231018
LVS,20230719
LVS,20230419
LVS,20230125
LVS,20221019
LVS,20220720
LYFT,20250508
LYFT,20250211
LYFT,20241106
LYFT,20240807
LYFT,20240507
LYFT,20240213
LYFT,20231108
LYFT,20230808
LYFT,20230504
LYFT,20230209
LYFT,20221107
LYFT,20220804
LYV,20250501
LYV,20250220
LYV,20241111
LYV,20240730
LYV,20240502
LYV,20240222
LYV,20231102
LYV,20230727
LYV,20230504
LYV,20230223
LYV,20221103
LYV,20220804
M,20250528
M,20250306
M,20241211
M,20240821
M,20240521
M,20240227
M,20231116
M,20230822
M,20230601
M,20230302
M,20221117
M,20220823
MA,20250501
MA,20250130
MA,20241031
MA,20240731
MA,20240501
MA,20240131
MA,20231026
MA,20230727
MA,20230427
MA,20230126
MA,20221027
MA,20220728
MAR,20250506
MAR,20250211
MAR,20241104
MAR,20240731
MAR,20240501
MAR,20240213
MAR,20231102
MAR,20230801
MAR,20230502
MAR,20230214
MAR,20221103
MAR,20220802
MAT,20250505
MAT,20250204
MAT,20241023
MAT,20240723
MAT,20240423
MAT,20240207
MAT,20231025
MAT,20230726
MAT,20230426
MAT,20230208
MAT,20221025
MAT,20220721
MCHP,20250508
MCHP,20250206
MCHP,20241105
MCHP,20240801
MCHP,20240506
MCHP,20240201
MCHP,20231102
MCHP,20230803
MCHP,20230504
MCHP,20230202
MCHP,20221103
MCHP,20220802
MDB,20250604
MDB,20250305
MDB,20241209
MDB,20240829
MDB,20240530
MDB,20240307
MDB,20231205
MDB,20230831
MDB,20230601
MDB,20230308
MDB,20221206
MDB,20220831
MDLZ,20250429
MDLZ,20250204
MDLZ,20241029
MDLZ,20240730
MDLZ,20240430
MDLZ,20240130
MDLZ,20231101
MDLZ,20230727
MDLZ,20230427
MDLZ,20230131
MDLZ,20221101
MDLZ,20220726
MELI,20250507
MELI,20250220
MELI,20241106
MELI,20240801
MELI,20240502
MELI,20240222
MELI,20231101
MELI,20230802
MELI,20230503
MELI,20230223
MELI,20221103
MELI,20220803
MEOH,20250430
MEOH,20250129
MEOH,20241106
MEOH,20240730
MEOH,20240424
MEOH,20240131
MEOH,20231025
MEOH,20230726
MEOH,20230426
MEOH,20230202
MEOH,20221026
MEOH,20220727
MET,20250430
MET,20250205
MET,20241030
MET,20240731
MET,20240501
MET,20240131
MET,20231101
MET,20230802
MET,20230503
MET,20230201
MET,20221102
MET,20220803
META,20250430
META,20250129
META,20241030
META,20240731
META,20240424
META,20240201
META,20231025
META,20230726
META,20230426
META,20230201
META,20221026
META,20220727
MFC,20250507
MFC,20250219
MFC,20241106
MFC,20240807
MFC,20240508
MFC,20240214
MFC,20231108
MFC,20230809
MFC,20230510
MFC,20230215
MFC,20221109
MFC,20220810
MGM,20250430
MGM,20250212
MGM,20241030
MGM,20240731
MGM,20240501
MGM,20240213
MGM,20231108
MGM,20230802
MGM,20230501
MGM,20230208
MGM,20221102
MGM,20220803
MLCO,20250508
MLCO,20250227
MLCO,20241105
MLCO,20240813
MLCO,20240430
MLCO,20240301
MLCO,20231107
MLCO,20230801
MLCO,20230510
MLCO,20230301
MLCO,20221102
MLCO,20220818
MMM,20250422
MMM,20250121
MMM,20241022
MMM,20240726
MMM,20240430
MMM,20240123
MMM,20231024
MMM,20230725
MMM,20230425
MMM,20230124
MMM,20221025
MMM,20220726
MNST,20250508
MNST,20250227
MNST,20241107
MNST,20240807
MNST,20240502
MNST,20240228
MNST,20231102
MNST,20230803
MNST,20230504
MNST,20230228
MNST,20221103
MNST,20220804
MOS,20250506
MOS,20250227
MOS,20241112
MOS,20240806
MOS,20240501
MOS,20240221
MOS,20231107
MOS,20230801
MOS,20230503
MOS,20230222
MOS,20221107
MOS,20220801
MP,20250508
MP,20250220
MP,20241107
MP,20240801
MP,20240502
MP,20240222
MP,20231102
MP,20230803
MP,20230504
MP,20230223
MP,20221103
MP,20220805
MPC,20250506
MPC,20250204
MPC,20241105
MPC,20240806
MPC,20240430
MPC,20240130
MPC,20231031
MPC,20230801
MPC,20230502
MPC,20230131
MPC,20221101
MPC,20220802
MRK,20250424
MRK,20250204
MRK,20241031
MRK,20240730
MRK,20240425
MRK,20240201
MRK,20231026
MRK,20230801
MRK,20230427
MRK,20230202
MRK,20221027
MRK,20220728
MRNA,20250501
MRNA,20250214
MRNA,20241107
MRNA,20240801
MRNA,20240502
MRNA,20240222
MRNA,20231102
MRNA,20230803
MRNA,20230504
MRNA,20230223
MRNA,20221103
MRNA,20220803
MRVL,20250529
MRVL,20250305
MRVL,20241203
MRVL,20240829
MRVL,20240530
MRVL,20240307
MRVL,20231130
MRVL,20230824
MRVL,20230525
MRVL,20230302
MRVL,20221201
MRVL,20220825
MS,20250411
MS,20250116
MS,20241016
MS,20240716
MS,20240416
MS,20240116
MS,20231018
MS,20230718
MS,20230419
MS,20230117
MS,20221014
MS,20220714
MSFT,20250430
MSFT,20250129
MSFT,20241030
MSFT,20240730
MSFT,20240425
MSFT,20240130
MSFT,20231024
MSFT,20230725
MSFT,20230425
MSFT,20230124
MSFT,20221025
MSFT,20220726
MTCH,20250508
MTCH,20250204
MTCH,20241106
MTCH,20240730
MTCH,20240507
MTCH,20240130
MTCH,20231031
MTCH,20230801
MTCH,20230502
MTCH,20230131
MTCH,20221101
MTCH,20220802
NCLH,20250430
NCLH,20250227
NCLH,20241031
NCLH,20240731
NCLH,20240501
NCLH,20240227
NCLH,20231101
NCLH,20230801
NCLH,20230501
NCLH,20230228
NCLH,20221108
NCLH,20220809
NDAQ,20250424
NDAQ,20250129
NDAQ,20241024
NDAQ,20240725
NDAQ,20240425
NDAQ,20240131
NDAQ,20231018
NDAQ,20230719
NDAQ,20230419
NDAQ,20230125
NDAQ,20221019
NDAQ,20220720
NEE,20250422
NEE,20250124
NEE,20241023
NEE,20240724
NEE,20240423
NEE,20240125
NEE,20231024
NEE,20230725
NEE,20230425
NEE,20230125
NEE,20221028
NEE,20220722
NEM,20250423
NEM,20250220
NEM,20241023
NEM,20240724
NEM,20240425
NEM,20240222
NEM,20231026
NEM,20230720
NEM,20230427
NEM,20230223
NEM,20221101
NEM,20220725
NEOG,20250409
NEOG,20250110
NEOG,20241010
NEOG,20240730
NEOG,20240409
NEOG,20240109
NEOG,20231010
NEOG,20230727
NEOG,20230330
NEOG,20230105
NEOG,20220927
NEOG,20220726
NET,20250508
NET,20250206
NET,20241107
NET,20240801
NET,20240502
NET,20240208
NET,20231102
NET,20230803
NET,20230427
NET,20230209
NET,20221103
NET,20220804
NFLX,20250417
NFLX,20250121
NFLX,20241017
NFLX,20240718
NFLX,20240418
NFLX,20240123
NFLX,20231018
NFLX,20230719
NFLX,20230418
NFLX,20230119
NFLX,20221018
NFLX,20220719
NI,20250507
NI,20250212
NI,20241030
NI,20240807
NI,20240508
NI,20240221
NI,20231031
NI,20230802
NI,20230503
NI,20230222
NI,20221107
NI,20220803
NIO,20250603
NIO,20250321
NIO,20241120
NIO,20240905
NIO,20240606
NIO,20240305
NIO,20231205
NIO,20230829
NIO,20230609
NIO,20230301
NIO,20221110
NIO,20220907
NKE,20250626
NKE,20250320
NKE,20241219
NKE,20241001
NKE,20240627
NKE,20240321
NKE,20231221
NKE,20230928
NKE,20230629
NKE,20230321
NKE,20221220
NKE,20220929
NLY,20250430
NLY,20250129
NLY,20241023
NLY,20240724
NLY,20240502
NLY,20240207
NLY,20231025
NLY,20230726
NLY,20230426
NLY,20230208
NLY,20221026
NLY,20220727
NOW,20250423
NOW,20250129
NOW,20241023
NOW,20240724
NOW,20240424
NOW,20240124
NOW,20231025
NOW,20230726
NOW,20230426
NOW,20230125
NOW,20221026
NOW,20220727
NRG,20250512
NRG,20250226
NRG,20241108
NRG,20240808
NRG,20240507
NRG,20240228
NRG,20231102
NRG,20230808
NRG,20230504
NRG,20230216
NRG,20221107
NRG,20220804
NTAP,20250529
NTAP,20250227
NTAP,20241121
NTAP,20240828
NTAP,20240530
NTAP,20240229
NTAP,20231128
NTAP,20230823
NTAP,20230531
NTAP,20230222
NTAP,20221129
NTAP,20220824
NTES,20250515
NTES,20250220
NTES,20241114
NTES,20240822
NTES,20240523
NTES,20240229
NTES,20231116
NTES,20230824
NTES,20230525
NTES,20230223
NTES,20221117
NTES,20220818
NTR,20250507
NTR,20250219
NTR,20241106
NTR,20240807
NTR,20240508
NTR,20240221
NTR,20231101
NTR,20230802
NTR,20230510
NTR,20230215
NTR,20221102
NTR,20220803
NVAX,20250508
NVAX,20250227
NVAX,20241112
NVAX,20240808
NVAX,20240510
NVAX,20240228
NVAX,20231109
NVAX,20230808
NVAX,20230509
NVAX,20230228
NVAX,20221108
NVAX,20220808
NVDA,20250528
NVDA,20250226
NVDA,20241120
NVDA,20240828
NVDA,20240522
NVDA,20240221
NVDA,20231121
NVDA,20230823
NVDA,20230524
NVDA,20230222
NVDA,20221116
NVDA,20220824
NVO,20250507
NVO,20250204
NVO,20241106
NVO,20240807
NVO,20240502
NVO,20240131
NVO,20231102
NVO,20230809
NVO,20230504
NVO,20230201
NVO,20221102
NVO,20220803
NVS,20250429
NVS,20250130
NVS,20241028
NVS,20240717
NVS,20240422
NVS,20240130
NVS,20231024
NVS,20230717
NVS,20230425
NVS,20230131
NVS,20221025
NVS,20220719
NWL,20250430
NWL,20250207
NWL,20241025
NWL,20240726
NWL,20240426
NWL,20240209
NWL,20231027
NWL,20230728
NWL,20230428
NWL,20230210
NWL,20221028
NWL,20220729
NXPI,20250428
NXPI,20250203
NXPI,20241104
NXPI,20240722
NXPI,20240429
NXPI,20240205
NXPI,20231106
NXPI,20230724
NXPI,20230501
NXPI,20230130
NXPI,20221031
NXPI,20220725
OKE,20250429
OKE,20250224
OKE,20241029
OKE,20240805
OKE,20240430
OKE,20240226
OKE,20231031
OKE,20230807
OKE,20230502
OKE,20230227
OKE,20221101
OKE,20220808
OKTA,20250527
OKTA,20250303
OKTA,20241203
OKTA,20240828
OKTA,20240529
OKTA,20240228
OKTA,20231129
OKTA,20230830
OKTA,20230531
OKTA,20230301
OKTA,20221130
OKTA,20220831
OMC,20250415
OMC,20250204
OMC,20241015
OMC,20240716
OMC,20240416
OMC,20240206
OMC,20231017
OMC,20230718
OMC,20230418
OMC,20230207
OMC,20221018
OMC,20220719
ON,20250505
ON,20250210
ON,20241028
ON,20240729
ON,20240429
ON,20240205
ON,20231030
ON,20230731
ON,20230501
ON,20230206
ON,20221031
ON,20220801
ORCL,20250611
ORCL,20250310
ORCL,20241209
ORCL,20240909
ORCL,20240611
ORCL,20240311
ORCL,20231211
ORCL,20230911
ORCL,20230612
ORCL,20230309
ORCL,20221212
ORCL,20220912
OTIS,20250423
OTIS,20250129
OTIS,20241030
OTIS,20240724
OTIS,20240424
OTIS,20240131
OTIS,20231025
OTIS,20230726
OTIS,20230426
OTIS,20230201
OTIS,20221026
OTIS,20220727
OXY,20250507
OXY,20250218
OXY,20241112
OXY,20240807
OXY,20240507
OXY,20240214
OXY,20231107
OXY,20230802
OXY,20230509
OXY,20230227
OXY,20221108
OXY,20220802
PAAS,20250507
PAAS,20250219
PAAS,20241105
PAAS,20240806
PAAS,20240508
PAAS,20240221
PAAS,20231107
PAAS,20230809
PAAS,20230510
PAAS,20230222
PAAS,20221109
PAAS,20220810
PANW,20250520
PANW,20250213
PANW,20241120
PANW,20240819
PANW,20240520
PANW,20240220
PANW,20231115
PANW,20230818
PANW,20230523
PANW,20230221
PANW,20221117
PANW,20220822
PATH,20250529
PATH,20250312
PATH,20241205
PATH,20240905
PATH,20240529
PATH,20240313
PATH,20231130
PATH,20230905
PATH,20230524
PATH,20230315
PATH,20221201
PATH,20220906
PAYX,20250625
PAYX,20250326
PAYX,20241219
PAYX,20241001
PAYX,20240626
PAYX,20240402
PAYX,20231221
PAYX,20230927
PAYX,20230629
PAYX,20230329
PAYX,20221222
PAYX,20220928
PBF,20250501
PBF,20250213
PBF,20241031
PBF,20240801
PBF,20240502
PBF,20240215
PBF,20231102
PBF,20230803
PBF,20230505
PBF,20230216
PBF,20221027
PBF,20220728
PBR,20250512
PBR,20250226
PBR,20241107
PBR,20240808
PBR,20240513
PBR,20240308
PBR,20231109
PBR,20230804
PBR,20230512
PBR,20230302
PBR,20221104
PBR,20220919
PCAR,20250429
PCAR,20250128
PCAR,20241022
PCAR,20240723
PCAR,20240430
PCAR,20240123
PCAR,20231024
PCAR,20230725
PCAR,20230425
PCAR,20230124
PCAR,20221025
PCAR,20220726
PCG,20250424
PCG,20250213
PCG,20241107
PCG,20240725
PCG,20240425
PCG,20240222
PCG,20231026
PCG,20230727
PCG,20230504
PCG,20230223
PCG,20221027
PCG,20220728
PDD,20250527
PDD,20250320
PDD,20241121
PDD,20240826
PDD,20240522
PDD,20240320
PDD,20231128
PDD,20230829
PDD,20230526
PDD,20230320
PDD,20221128
PDD,20220829
PEG,20250430
PEG,20250225
PEG,20241104
PEG,20240730
PEG,20240430
PEG,20240226
PEG,20231031
PEG,20230801
PEG,20230502
PEG,20230221
PEG,20221031
PEG,20220802
PENN,20250508
PENN,20250227
PENN,20241107
PENN,20240808
PENN,20240502
PENN,20240215
PENN,20231102
PENN,20230809
PENN,20230504
PENN,20230202
PENN,20221103
PENN,20220804
PEP,20250424
PEP,20250204
PEP,20241008
PEP,20240711
PEP,20240423
PEP,20240209
PEP,20231010
PEP,20230713
PEP,20230425
PEP,20230209
PEP,20221012
PEP,20220712
PFE,20250429
PFE,20250204
PFE,20241029
PFE,20240730
PFE,20240501
PFE,20240130
PFE,20231031
PFE,20230801
PFE,20230502
PFE,20230131
PFE,20221101
PFE,20220728
PFG,20250424
PFG,20250206
PFG,20241024
PFG,20240725
PFG,20240424
PFG,20240212
PFG,20231026
PFG,20230727
PFG,20230427
PFG,20230130
PFG,20221027
PFG,20220808
PGR,20250416
PGR,20250128
PGR,20241015
PGR,20240716
PGR,20240412
PGR,20240124
PGR,20231031
PGR,20230801
PGR,20230413
PGR,20230125
PGR,20221013
PGR,20220715
PHG,20250506
PHG,20250219
PHG,20240729
PHM,20250422
PHM,20250130
PHM,20241022
PHM,20240723
PHM,20240423
PHM,20240130
PHM,20231024
PHM,20230725
PHM,20230425
PHM,20230131
PHM,20221025
PHM,20220726
PINS,20250508
PINS,20250206
PINS,20241107
PINS,20240730
PINS,20240430
PINS,20240208
PINS,20231030
PINS,20230801
PINS,20230427
PINS,20230206
PINS,20221027
PINS,20220801
PLAY,20250610
PLAY,20250407
PLAY,20241210
PLAY,20240910
PLAY,20240612
PLAY,20240402
PLAY,20231205
PLAY,20230906
PLAY,20230606
PLAY,20230328
PLAY,20221206
PLAY,20220907
PLD,20250416
PLD,20250121
PLD,20241016
PLD,20240717
PLD,20240417
PLD,20240117
PLD,20231017
PLD,20230718
PLD,20230418
PLD,20230118
PLD,20221019
PLD,20220718
PLTR,20250505
PLTR,20250203
PLTR,20241104
PLTR,20240805
PLTR,20240506
PLTR,20240205
PLTR,20231102
PLTR,20230807
PLTR,20230508
PLTR,20230213
PLTR,20221107
PLTR,20220808
PM,20250423
PM,20250206
PM,20241022
PM,20240723
PM,20240423
PM,20240208
PM,20231019
PM,20230720
PM,20230420
PM,20230209
PM,20221020
PM,20220721
PNC,20250415
PNC,20250116
PNC,20241015
PNC,20240716
PNC,20240416
PNC,20240116
PNC,20231013
PNC,20230718
PNC,20230414
PNC,20230118
PNC,20221014
PNC,20220715
PPL,20250430
PPL,20250213
PPL,20241101
PPL,20240802
PPL,20240501
PPL,20240216
PPL,20231102
PPL,20230804
PPL,20230504
PPL,20230217
PPL,20221104
PPL,20220803
PR,20250507
PR,20250225
PR,20241106
PR,20240806
PR,20240507
PR,20240227
PR,20231107
PR,20230802
PR,20230508
PR,20230222
PR,20221108
PR,20220803
PRU,20250430
PRU,20250204
PRU,20241030
PRU,20240801
PRU,20240430
PRU,20240206
PRU,20231101
PRU,20230801
PRU,20230502
PRU,20230207
PRU,20221101
PRU,20220802
PSX,20250425
PSX,20250131
PSX,20241029
PSX,20240730
PSX,20240426
PSX,20240131
PSX,20231027
PSX,20230802
PSX,20230503
PSX,20230131
PSX,20221101
PSX,20220729
PTEN,20250424
PTEN,20250206
PTEN,20241024
PTEN,20240725
PTEN,20240430
PTEN,20240214
PTEN,20231108
PTEN,20230726
PTEN,20230501
PTEN,20230213
PTEN,20221026
PTEN,20220728
PTON,20250508
PTON,20250206
PTON,20241031
PTON,20240822
PTON,20240502
PTON,20240201
PTON,20231102
PTON,20230823
PTON,20230504
PTON,20230201
PTON,20221103
PTON,20220825
PYPL,20250429
PYPL,20250204
PYPL,20241029
PYPL,20240730
PYPL,20240430
PYPL,20240207
PYPL,20231101
PYPL,20230802
PYPL,20230508
PYPL,20230209
PYPL,20221103
PYPL,20220802
RBLX,20250501
RBLX,20250206
RBLX,20241031
RBLX,20240801
RBLX,20240509
RBLX,20240207
RBLX,20231108
RBLX,20230809
RBLX,20230510
RBLX,20230215
RBLX,20221109
RBLX,20220809
RCL,20250429
RCL,20250128
RCL,20241029
RCL,20240725
RCL,20240425
RCL,20240201
RCL,20231026
RCL,20230727
RCL,20230504
RCL,20230207
RCL,20221103
RCL,20220728
REG,20250429
REG,20250206
REG,20241028
REG,20240801
REG,20240502
REG,20240208
REG,20231102
REG,20230803
REG,20230504
REG,20230209
REG,20221103
REG,20220805
RF,20250417
RF,20250117
RF,20241018
RF,20240719
RF,20240419
RF,20240119
RF,20231020
RF,20230721
RF,20230421
RF,20230120
RF,20221021
RF,20220722
RIVN,20250506
RIVN,20250220
RIVN,20241107
RIVN,20240806
RIVN,20240506
RIVN,20240221
RIVN,20231107
RIVN,20230808
RIVN,20230509
RIVN,20230228
RIVN,20221109
RIVN,20220811
ROKU,20250501
ROKU,20250213
ROKU,20241030
ROKU,20240801
ROKU,20240426
ROKU,20240215
ROKU,20231101
ROKU,20230727
ROKU,20230426
ROKU,20230215
ROKU,20221102
ROKU,20220728
ROST,20250522
ROST,20250304
ROST,20241121
ROST,20240822
ROST,20240523
ROST,20240305
ROST,20231116
ROST,20230817
ROST,20230518
ROST,20230228
ROST,20221117
ROST,20220818
RRC,20250422
RRC,20250225
RRC,20241022
RRC,20240723
RRC,20240423
RRC,20240221
RRC,20231024
RRC,20230724
RRC,20230424
RRC,20230227
RRC,20221024
RRC,20220725
RTX,20250422
RTX,20250128
RTX,20241022
RTX,20240725
RTX,20240423
RTX,20240123
RTX,20231024
RTX,20230725
RTX,20230425
RTX,20230124
RTX,20221025
RTX,20220726
RUN,20250507
RUN,20250227
RUN,20241107
RUN,20240806
RUN,20240508
RUN,20240221
RUN,20231101
RUN,20230802
RUN,20230503
RUN,20230222
RUN,20221102
RUN,20220803
RY,20250529
RY,20250227
RY,20241204
RY,20240828
RY,20240530
RY,20240228
RY,20231130
RY,20230824
RY,20230525
RY,20230301
RY,20221130
RY,20220824
S,20250528
S,20250312
S,20241204
S,20240827
S,20240530
S,20240313
S,20231205
S,20230831
S,20230601
S,20230314
S,20221206
S,20220831
SAP,20250421
SAP,20250128
SAP,20241021
SAP,20240722
SAP,20240422
SAP,20240123
SAP,20231018
SAP,20230720
SAP,20230421
SAP,20230126
SAP,20221025
SAP,20220721
SBS,20250512
SBS,20250324
SBS,20241111
SBS,20240807
SBS,20240509
SBS,20240321
SBUX,20250429
SBUX,20250128
SBUX,20241030
SBUX,20240730
SBUX,20240430
SBUX,20240130
SBUX,20231102
SBUX,20230801
SBUX,20230502
SBUX,20230202
SBUX,20221103
SBUX,20220802
SCHW,20250417
SCHW,20250121
SCHW,20241015
SCHW,20240716
SCHW,20240415
SCHW,20240117
SCHW,20231016
SCHW,20230718
SCHW,20230417
SCHW,20230118
SCHW,20221017
SCHW,20220718
SE,20250513
SE,20250304
SE,20241112
SE,20240813
SE,20240514
SE,20240304
SE,20231114
SE,20230815
SE,20230516
SE,20230307
SE,20221115
SE,20220816
SHLS,20250506
SHLS,20250225
SHLS,20241112
SHLS,20240806
SHLS,20240507
SHLS,20240228
SHLS,20231107
SHLS,20230801
SHLS,20230508
SHLS,20230228
SHLS,20221114
SHLS,20220815
SHOP,20250508
SHOP,20250211
SHOP,20241112
SHOP,20240807
SHOP,20240508
SHOP,20240213
SHOP,20231102
SHOP,20230802
SHOP,20230504
SHOP,20230215
SHOP,20221027
SHOP,20220727
SLB,20250425
SLB,20250117
SLB,20241018
SLB,20240719
SLB,20240419
SLB,20240119
SLB,20231020
SLB,20230721
SLB,20230421
SLB,20230120
SLB,20221021
SLB,20220722
SNAP,20250429
SNAP,20250204
SNAP,20241029
SNAP,20240801
SNAP,20240425
SNAP,20240206
SNAP,20231024
SNAP,20230725
SNAP,20230427
SNAP,20230131
SNAP,20221020
SNAP,20220721
SNOW,20250521
SNOW,20250226
SNOW,20241120
SNOW,20240821
SNOW,20240522
SNOW,20240228
SNOW,20231129
SNOW,20230823
SNOW,20230524
SNOW,20230301
SNOW,20221130
SNOW,20220824
SNPS,20250528
SNPS,20250226
SNPS,20241204
SNPS,20240821
SNPS,20240522
SNPS,20240221
SNPS,20231129
SNPS,20230816
SNPS,20230517
SNPS,20230215
SNPS,20221130
SNPS,20220817
SNY,20250424
SNY,20250130
SNY,20241025
SNY,20240725
SNY,20240425
SNY,20240201
SNY,20231027
SNY,20230728
SNY,20230427
SNY,20230203
SNY,20221028
SNY,20220728
SO,20250501
SO,20250220
SO,20241031
SO,20240801
SO,20240502
SO,20240215
SO,20231102
SO,20230803
SO,20230427
SO,20230216
SO,20221027
SO,20220728
SOFI,20250429
SOFI,20250127
SOFI,20241029
SOFI,20240730
SOFI,20240429
SOFI,20240129
SOFI,20231030
SOFI,20230731
SOFI,20230501
SOFI,20230130
SOFI,20221101
SOFI,20220802
SPG,20250512
SPG,20250204
SPG,20241101
SPG,20240805
SPG,20240506
SPG,20240205
SPG,20231030
SPG,20230802
SPG,20230502
SPG,20230206
SPG,20221101
SPG,20220801
SRE,20250508
SRE,20250225
SRE,20241106
SRE,20240806
SRE,20240507
SRE,20240227
SRE,20231103
SRE,20230803
SRE,20230504
SRE,20230228
SRE,20221103
SRE,20220804
STLD,20250422
STLD,20250122
STLD,20241016
STLD,20240717
STLD,20240423
STLD,20240123
STLD,20231018
STLD,20230719
STLD,20230419
STLD,20230125
STLD,20221019
STLD,20220720
STM,20250424
STM,20250129
STM,20241031
STM,20240725
STM,20240425
STM,20240125
STM,20231026
STM,20230727
STM,20230427
STM,20230126
STM,20221027
STM,20220728
STNE,20250508
STNE,20250318
STNE,20241112
STNE,20240814
STNE,20240513
STNE,20240318
STNE,20231110
STNE,20230816
STNE,20230517
STNE,20230314
STNE,20221117
STNE,20220818
STT,20250417
STT,20250117
STT,20241015
STT,20240716
STT,20240412
STT,20240119
STT,20231018
STT,20230714
STT,20230417
STT,20230120
STT,20221018
STT,20220715
STX,20250429
STX,20250121
STX,20241022
STX,20240723
STX,20240423
STX,20240124
STX,20231026
STX,20230726
STX,20230420
STX,20230125
STX,20221026
STX,20220721
SU,20250506
SU,20250205
SU,20241112
SU,20240806
SU,20240507
SU,20240220
SU,20231108
SU,20230815
SU,20230508
SU,20230214
SU,20221102
SU,20220804
SUZ,20240227
SUZ,20231026
SUZ,20230802
SUZ,20230426
SUZ,20230227
SUZ,20221026
SUZ,20220727
SWKS,20250507
SWKS,20250205
SWKS,20241112
SWKS,20240730
SWKS,20240430
SWKS,20240130
SWKS,20231102
SWKS,20230807
SWKS,20230508
SWKS,20230206
SWKS,20221103
SWKS,20220804
SYF,20250422
SYF,20250128
SYF,20241016
SYF,20240717
SYF,20240424
SYF,20240123
SYF,20231024
SYF,20230718
SYF,20230419
SYF,20230123
SYF,20221025
SYF,20220718
SYY,20250429
SYY,20250128
SYY,20241029
SYY,20240730
SYY,20240430
SYY,20240130
SYY,20231031
SYY,20230801
SYY,20230502
SYY,20230131
SYY,20221101
SYY,20220809
T,20250423
T,20250127
T,20241023
T,20240724
T,20240424
T,20240124
T,20231019
T,20230726
T,20230420
T,20230125
T,20221020
T,20220721
TCOM,20250519
TCOM,20250224
TCOM,20241118
TCOM,20240826
TCOM,20240520
TCOM,20240221
TCOM,20231120
TCOM,20230904
TCOM,20230607
TCOM,20230306
TCOM,20221214
TCOM,20220921
TD,20250522
TD,20250227
TD,20241205
TD,20240822
TD,20240523
TD,20240229
TD,20231130
TD,20230824
TD,20230525
TD,20230302
TD,20221201
TD,20220825
TDOC,20250430
TDOC,20250226
TDOC,20241030
TDOC,20240731
TDOC,20240425
TDOC,20240220
TDOC,20231024
TDOC,20230725
TDOC,20230426
TDOC,20230222
TDOC,20221026
TDOC,20220727
TEAM,20250501
TEAM,20250130
TEAM,20241031
TEAM,20240801
TEAM,20240424
TEAM,20240131
TEAM,20231102
TEAM,20230803
TEAM,20230504
TEAM,20230202
TEAM,20221103
TEAM,20220804
TECK,20250424
TECK,20250219
TECK,20241024
TECK,20240724
TECK,20240423
TECK,20240222
TECK,20231024
TECK,20230727
TECK,20230426
TECK,20230221
TECK,20221027
TECK,20220726
TER,20250428
TER,20250129
TER,20241023
TER,20240724
TER,20240424
TER,20240130
TER,20231026
TER,20230726
TER,20230426
TER,20230125
TER,20221025
TER,20220726
TFC,20250417
TFC,20250117
TFC,20241017
TFC,20240722
TFC,20240422
TFC,20240118
TFC,20231019
TFC,20230720
TFC,20230420
TFC,20230119
TFC,20221018
TFC,20220719
TGT,20250521
TGT,20250304
TGT,20241120
TGT,20240821
TGT,20240522
TGT,20240305
TGT,20231115
TGT,20230816
TGT,20230517
TGT,20230228
TGT,20221116
TGT,20220817
TGTX,20250505
TGTX,20250303
TGTX,20241104
TGTX,20240806
TGTX,20240501
TGTX,20240228
TGTX,20231101
TGTX,20230801
TGTX,20230501
TGTX,20230228
TGTX,20221110
TGTX,20220808
TME,20250513
TME,20250318
TME,20241112
TME,20240813
TME,20240513
TME,20240319
TME,20231114
TME,20230815
TME,20230516
TME,20230321
TME,20221115
TME,20220815
TMO,20250423
TMO,20250130
TMO,20241023
TMO,20240724
TMO,20240424
TMO,20240131
TMO,20231025
TMO,20230726
TMO,20230426
TMO,20230201
TMO,20221026
TMO,20220728
TMUS,20250424
TMUS,20250129
TMUS,20241023
TMUS,20240731
TMUS,20240425
TMUS,20240125
TMUS,20231025
TMUS,20230727
TMUS,20230427
TMUS,20230201
TMUS,20221027
TMUS,20220727
TOST,20250508
TOST,20250219
TOST,20241107
TOST,20240806
TOST,20240507
TOST,20240215
TOST,20231107
TOST,20230808
TOST,20230509
TOST,20230216
TOST,20221110
TOST,20220811
TPR,20250508
TPR,20250206
TPR,20240815
TPR,20240509
TPR,20240208
TPR,20231109
TPR,20230817
TPR,20230511
TPR,20230209
TPR,20221110
TPR,20220818
TRIP,20250507
TRIP,20250220
TRIP,20241106
TRIP,20240806
TRIP,20240508
TRIP,20240214
TRIP,20231106
TRIP,20230802
TRIP,20230503
TRIP,20230214
TRIP,20221107
TRIP,20220804
TRMB,20250507
TRMB,20250219
TRMB,20241106
TRMB,20240806
TRMB,20240503
TRMB,20240212
TRMB,20231101
TRMB,20230803
TRMB,20230503
TRMB,20230208
TRMB,20221102
TRMB,20220805
TROW,20250502
TROW,20250205
TROW,20241101
TROW,20240726
TROW,20240426
TROW,20240208
TROW,20231027
TROW,20230728
TROW,20230502
TROW,20230126
TROW,20221027
TROW,20220728
TRP,20250501
TRP,20250214
TRP,20241107
TRP,20240801
TRP,20240503
TRP,20240216
TRP,20231108
TRP,20230727
TRP,20230428
TRP,20230214
TRP,20221109
TRP,20220728
TS,20250430
TS,20250219
TS,20241106
TS,20240731
TS,20240425
TS,20240221
TS,20231101
TS,20230802
TS,20230426
TS,20230215
TS,20221103
TS,20220803
TSLA,20250422
TSLA,20250129
TSLA,20241023
TSLA,20240723
TSLA,20240423
TSLA,20240124
TSLA,20231018
TSLA,20230719
TSLA,20230419
TSLA,20230125
TSLA,20221019
TSLA,20220720
TSM,20250417
TSM,20250116
TSM,20241017
TSM,20240718
TSM,20240418
TSM,20240118
TSM,20231018
TSM,20230720
TSM,20230420
TSM,20230112
TSM,20221013
TSM,20220713
TSN,20250505
TSN,20250203
TSN,20241112
TSN,20240805
TSN,20240506
TSN,20240205
TSN,20231113
TSN,20230807
TSN,20230508
TSN,20230206
TSN,20221114
TSN,20220808
TTD,20250508
TTD,20250212
TTD,20241107
TTD,20240808
TTD,20240508
TTD,20240215
TTD,20231109
TTD,20230809
TTD,20230510
TTD,20230215
TTD,20221109
TTD,20220809
TTE,20250430
TTE,20250205
TTE,20241031
TTE,20240725
TTE,20240426
TTE,20240206
TTE,20231026
TTE,20230727
TTE,20230427
TTE,20230208
TTE,20221027
TTE,20220728
TTWO,20250515
TTWO,20250206
TTWO,20241106
TTWO,20240808
TTWO,20240516
TTWO,20240208
TTWO,20231108
TTWO,20230808
TTWO,20230517
TTWO,20230206
TTWO,20221107
TTWO,20220808
TWLO,20250501
TWLO,20250213
TWLO,20241030
TWLO,20240801
TWLO,20240507
TWLO,20240214
TWLO,20231108
TWLO,20230808
TWLO,20230509
TWLO,20230215
TWLO,20221103
TWLO,20220804
TXN,20250423
TXN,20250123
TXN,20241022
TXN,20240723
TXN,20240423
TXN,20240123
TXN,20231024
TXN,20230725
TXN,20230425
TXN,20230124
TXN,20221025
TXN,20220726
U,20250507
U,20250220
U,20241107
U,20240808
U,20240509
U,20240226
U,20231109
U,20230802
U,20230510
U,20230222
U,20221109
U,20220809
UAA,20250513
UAA,20250206
UAA,20241107
UAA,20240808
UAA,20240516
UAA,20240208
UAA,20231108
UAA,20230808
UAA,20230509
UAA,20230208
UAA,20221103
UAA,20220803
UAL,20250415
UAL,20250121
UAL,20241015
UAL,20240717
UAL,20240416
UAL,20240122
UAL,20231017
UAL,20230719
UAL,20230418
UAL,20230117
UAL,20221018
UAL,20220720
UBER,20250507
UBER,20250205
UBER,20241031
UBER,20240806
UBER,20240508
UBER,20240207
UBER,20231107
UBER,20230731
UBER,20230502
UBER,20230208
UBER,20221101
UBER,20220802
UHS,20250428
UHS,20250226
UHS,20241024
UHS,20240724
UHS,20240424
UHS,20240227
UHS,20231025
UHS,20230725
UHS,20230425
UHS,20230227
UHS,20221025
UHS,20220725
UPS,20250429
UPS,20250130
UPS,20241024
UPS,20240723
UPS,20240423
UPS,20240130
UPS,20231026
UPS,20230808
UPS,20230425
UPS,20230131
UPS,20221025
UPS,20220726
UPST,20250506
UPST,20250211
UPST,20241107
UPST,20240806
UPST,20240507
UPST,20240213
UPST,20231107
UPST,20230808
UPST,20230509
UPST,20230214
UPST,20221108
UPST,20220808
USB,20250416
USB,20250115
USB,20241016
USB,20240717
USB,20240501
USB,20240117
USB,20231018
USB,20230719
USB,20230419
USB,20230125
USB,20221014
USB,20220715
V,20250429
V,20250130
V,20241029
V,20240723
V,20240423
V,20240125
V,20231024
V,20230725
V,20230425
V,20230126
V,20221025
V,20220726
VALE,20250424
VALE,20250218
VALE,20241023
VALE,20240725
VALE,20240423
VALE,20240222
VALE,20231026
VALE,20230727
VALE,20230426
VALE,20230216
VALE,20221027
VALE,20220728
VFC,20250521
VFC,20250129
VFC,20241028
VFC,20240806
VFC,20240522
VFC,20240206
VFC,20231030
VFC,20230801
VFC,20230523
VFC,20230207
VFC,20221026
VFC,20220728
VICI,20250430
VICI,20250220
VICI,20241031
VICI,20240731
VICI,20240501
VICI,20240222
VICI,20231025
VICI,20230726
VICI,20230501
VICI,20230223
VICI,20221027
VICI,20220727
VNO,20250505
VNO,20250210
VNO,20241104
VNO,20240805
VNO,20240506
VNO,20240212
VNO,20231030
VNO,20230731
VNO,20230501
VNO,20230213
VNO,20221031
VNO,20220801
VRTX,20250505
VRTX,20250210
VRTX,20241104
VRTX,20240801
VRTX,20240506
VRTX,20240205
VRTX,20231106
VRTX,20230801
VRTX,20230501
VRTX,20230207
VRTX,20221027
VRTX,20220804
VST,20250508
VST,20250228
VST,20241108
VST,20240809
VST,20240510
VST,20240229
VST,20231107
VST,20230809
VST,20230509
VST,20230301
VST,20221104
VST,20220805
VTRS,20250508
VTRS,20250227
VTRS,20241107
VTRS,20240808
VTRS,20240509
VTRS,20240228
VTRS,20231107
VTRS,20230807
VTRS,20230508
VTRS,20230227
VTRS,20221107
VTRS,20220808
VZ,20250422
VZ,20250124
VZ,20241022
VZ,20240722
VZ,20240422
VZ,20240123
VZ,20231024
VZ,20230725
VZ,20230425
VZ,20230124
VZ,20221021
VZ,20220722
W,20250501
W,20250220
W,20241101
W,20240801
W,20240502
W,20240222
W,20231101
W,20230803
W,20230504
W,20230223
W,20221103
W,20220804
WBD,20250508
WBD,20250227
WBD,20241107
WBD,20240807
WBD,20240509
WBD,20240223
WBD,20231108
WBD,20230803
WBD,20230505
WBD,20230222
WBD,20221103
WBD,20220805
WDAY,20250522
WDAY,20250225
WDAY,20241126
WDAY,20240822
WDAY,20240523
WDAY,20240226
WDAY,20231128
WDAY,20230824
WDAY,20230525
WDAY,20230227
WDAY,20221129
WDAY,20220825
WDC,20250430
WDC,20250129
WDC,20241024
WDC,20240731
WDC,20240425
WDC,20240125
WDC,20231030
WDC,20230731
WDC,20230508
WDC,20230131
WDC,20221027
WDC,20220805
WELL,20250428
WELL,20250211
WELL,20241028
WELL,20240729
WELL,20240429
WELL,20240213
WELL,20231030
WELL,20230731
WELL,20230502
WELL,20230215
WELL,20221107
WELL,20220809
WFC,20250411
WFC,20250115
WFC,20241011
WFC,20240712
WFC,20240412
WFC,20240112
WFC,20231013
WFC,20230714
WFC,20230414
WFC,20230113
WFC,20221014
WFC,20220715
WMB,20250505
WMB,20250212
WMB,20241106
WMB,20240805
WMB,20240506
WMB,20240214
WMB,20231101
WMB,20230802
WMB,20230503
WMB,20230220
WMB,20221031
WMB,20220801
WPM,20250508
WPM,20250313
WPM,20241107
WPM,20240807
WPM,20240509
WPM,20240314
WPM,20231110
WPM,20230810
WPM,20230504
WPM,20230309
WPM,20221103
WPM,20220811
WY,20250424
WY,20250130
WY,20241024
WY,20240725
WY,20240425
WY,20240125
WY,20231026
WY,20230727
WY,20230427
WY,20230126
WY,20221027
WY,20220729
WYNN,20250506
WYNN,20250213
WYNN,20241104
WYNN,20240806
WYNN,20240507
WYNN,20240207
WYNN,20231109
WYNN,20230809
WYNN,20230509
WYNN,20230208
WYNN,20221109
WYNN,20220809
XEL,20250424
XEL,20250206
XEL,20241031
XEL,20240801
XEL,20240425
XEL,20240125
XEL,20231027
XEL,20230727
XEL,20230427
XEL,20230126
XEL,20221027
XEL,20220728
XOM,20250502
XOM,20250131
XOM,20241101
XOM,20240802
XOM,20240426
XOM,20240202
XOM,20231027
XOM,20230728
XOM,20230428
XOM,20230131
XOM,20221028
XOM,20220729
XP,20250520
XP,20250219
XP,20241119
XP,20240813
XP,20240521
XP,20240227
XP,20231113
XP,20230814
XP,20230515
XP,20230216
XP,20221109
XP,20220810
XPEV,20250521
XPEV,20250318
XPEV,20241119
XPEV,20240820
XPEV,20240521
XPEV,20240319
XPEV,20231115
XPEV,20230818
XPEV,20230524
XPEV,20230317
XPEV,20221130
XPEV,20220823
YUM,20250430
YUM,20250206
YUM,20241105
YUM,20240806
YUM,20240501
YUM,20240207
YUM,20231101
YUM,20230802
YUM,20230503
YUM,20230208
YUM,20221102
YUM,20220803
Z,20250507
Z,20250211
Z,20241106
Z,20240807
Z,20240501
Z,20240215
Z,20231101
Z,20230802
Z,20230503
Z,20230215
Z,20221102
Z,20220804
ZG,20250507
ZG,20250211
ZG,20241106
ZG,20240807
ZG,20240501
ZG,20240215
ZG,20231101
ZG,20230802
ZG,20230503
ZG,20230215
ZG,20221102
ZG,20220804
ZIM,20250519
ZIM,20250312
ZIM,20241120
ZIM,20240819
ZIM,20240521
ZIM,20240313
ZIM,20231115
ZIM,20230816
ZIM,20230522
ZIM,20230313
ZIM,20221116
ZIM,20220817
ZION,20250421
ZION,20250121
ZION,20241021
ZION,20240722
ZION,20240422
ZION,20240122
ZION,20231018
ZION,20230719
ZION,20230419
ZION,20230123
ZION,20221024
ZION,20220726
ZM,20250521
ZM,20250224
ZM,20241125
ZM,20240821
ZM,20240520
ZM,20240226
ZM,20231120
ZM,20230821
ZM,20230522
ZM,20230227
ZM,20221121
ZM,20220822
ZS,20250529
ZS,20250305
ZS,20241202
ZS,20240903
ZS,20240530
ZS,20240229
ZS,20231127
ZS,20230905
ZS,20230601
ZS,20230302
ZS,20221201
ZS,20220908
