ticker,footprint,footprint15,intensity,hidden_frac,dvol,absCOI,ndays,price,realvol,dollarvol,inst_own,n_analyst,mktcap
AA,2.1479879253112033,2.6570447095435683,62.38174273858921,0.6168088595358835,15817.684647302905,0.2517886391499479,482,35.198084473382856,0.5024920019745233,556752.2003890987,0.83562,12.0,12183891968.0
AAL,2.634247530120482,2.7237978313253013,32.997991967871485,0.9343929827088935,86783.24497991968,0.4935360491840234,498,13.83944759732201,0.4008787989158932,1201032.1712251569,0.71539,23.0,9781885952.0
AAON,4.408337223382046,4.267293528183716,76.78705636743216,0.1032645177863024,13571.937369519834,0.20756829937293014,479,75.72300786336262,0.3702259024438615,1027707.9201532154,0.87693,3.0,8778477568.0
AAPL,0.334413064516129,0.32118459677419353,894.2641129032259,0.6062430029574051,437387.60080645164,0.18952816973936296,496,186.00975529261999,0.220023349969773,81358360.59403422,0.66506,43.0,4786462654464.0
AAXJ,4.512847469879518,7.388034819277109,4.795180722891566,0.7354532741533262,2788.6987951807228,0.8795993237119467,249,65.37866795131139,0.1674025973262246,182321.4125463426,,,
ABNB,1.1600469153225808,1.064094435483871,548.0806451612904,0.2239864531221791,152434.5181451613,0.12978072368139917,496,131.63088577997118,0.38132914485676483,20065090.64689067,0.90624,38.0,83120365568.0
ACN,1.761359513742072,0.5351492389006343,313.90697674418607,0.07419393291572675,52505.579281183935,0.14217134497121733,473,303.38711138044084,0.23972445642279275,15929516.029475117,0.85467005,25.0,85726961664.0
ACWI,-3.061139384965831,-3.8099275854214123,8.740318906605923,0.7706833756235618,6042.831435079726,0.6670376679823011,439,98.00275967552548,0.12420581277477462,592214.1568918292,,,
ACWX,1.0684786192468618,6.073405648535565,2.288702928870293,0.8863833158311523,2160.3598326359834,0.8700698865931809,239,47.161864522298174,0.13161835702023922,101886.597746193,,,
ADBE,1.081435841995842,1.1070113513513513,897.1268191268191,0.042868253474764056,165609.367983368,0.10391831648797117,481,488.72518025716147,0.34203119659272524,80937468.2199461,0.90308,34.0,86798098432.0
ADI,1.0612506471816285,1.0830620876826722,570.3736951983299,0.1338486284342712,119771.70981210856,0.12404298736082466,479,188.77948370070683,0.28837504286634563,22610441.540280737,0.95541,30.0,188371173376.0
ADM,1.07299755186722,0.863613734439834,65.01867219917013,0.5719697062837323,12611.5,0.2727505602938421,482,63.370989554268974,0.28024531881702885,799203.2347636631,0.87459,10.0,42084442112.0
ADP,0.7042933195020747,0.7914898132780083,372.08298755186723,0.10444307930997865,61540.86099585062,0.1577610856335427,482,231.79568652925036,0.18685621597907892,14264906.12413436,0.92872,15.0,97183391744.0
ADSK,1.5687273858921162,1.6418511203319504,377.07053941908714,0.07065571051984511,71019.85892116182,0.14637689103071674,482,230.97257146926154,0.29176652703256795,16403639.440404922,0.99472,32.0,42968059904.0
AEM,1.6486750829875518,0.47674572614107885,39.97095435684647,0.5779965299315865,6443.390041493776,0.36042669134436045,482,57.57599248976935,0.30360756951449147,370984.57663770026,0.73149,14.0,73530327040.0
AEP,0.7233279253112033,0.8871401244813278,88.96058091286307,0.5884962397430566,19270.58091286307,0.2688326942900698,482,80.63264199393136,0.19659424052416638,1553837.851761975,0.84097,21.0,72404058112.0
AES,0.928469397089397,0.3456760498960499,15.432432432432432,0.9240595482145982,9201.654885654885,0.46521675819453795,481,16.962907896496002,0.3544256513128926,156086.82432070628,0.89624,8.0,10597523456.0
AFL,2.463902593360996,-0.7500958921161824,32.20539419087137,0.5593730956251582,4733.809128630705,0.3313862737418876,482,79.09608817690895,0.20089397248777843,374425.78425083077,0.59626997,14.0,62900355072.0
AFRM,4.36077755186722,5.675337074688797,182.14730290456433,0.5801791371704043,94699.41908713694,0.23955531326211915,482,28.703761854625885,0.8897632835981283,2718229.5732485917,0.87286,30.0,24754026496.0
AG,10.709471863636365,11.971246136363636,3.790909090909091,0.9422658857610657,3553.643181818182,0.709580294690403,440,6.241068170638312,0.5700211837649537,22178.52935185131,0.54363,2.0,8547150848.0
AGI,3.649054908675799,7.059797853881278,5.205479452054795,0.9244391210208668,2334.2305936073058,0.674160093229001,438,14.061659983680363,0.3271775265708409,32823.15693081031,0.69795996,4.0,12825744384.0
AGNC,3.1057028661087864,2.8706664644351467,11.759414225941423,0.9593552757576919,42448.91631799163,0.5817309308239514,478,6.767098669324603,0.24444187026300515,287256.00512975256,0.41015,9.0,12479466496.0
AIG,1.1615368191268192,1.4245730561330563,39.58212058212058,0.6669417446812727,9087.253638253638,0.3268914551876342,481,62.891680726550874,0.23158267985019215,571512.6544982357,1.0011901,20.0,41488633856.0
AKAM,1.2979719334719335,0.7136869646569647,133.2993762993763,0.37308587213167327,27780.698544698545,0.20391075489529706,481,97.66080011276972,0.26884842539763487,2713085.2475669174,1.1153901,23.0,18071412736.0
ALC,-1.4919908506224064,6.149282261410788,37.655601659751035,0.3908926232477764,8541.960580912862,0.2913920227907763,482,80.34097771780831,0.22799235111092736,686269.4646975172,0.66367996,15.0,32846594048.0
ALGN,2.626034532224532,2.6910532224532226,323.66528066528065,0.03998247207350668,55116.60498960499,0.1349404936475938,481,274.5896764264788,0.46975691857104607,15134450.72982168,1.00774,15.0,12351262720.0
ALL,2.562009688149688,1.078248814968815,166.014553014553,0.1676254856373535,26711.43866943867,0.16767861391386923,481,139.40641752697172,0.236568540250156,3723745.971897865,0.85573995,22.0,64826314752.0
ALLY,1.7766872821576762,1.6224449170124482,27.71161825726141,0.7945435747151612,8750.039419087138,0.4066818410463396,482,30.16011573064895,0.39320242937358074,263902.2015274084,0.878,17.0,13603935232.0
AMAT,1.0058910995850623,0.8217859958506224,663.4004149377594,0.22580588517572783,155060.77800829874,0.11546465936225353,482,158.9191190447126,0.3849646943840458,24642122.23946658,0.86985,35.0,439789977600.0
AMD,0.7283029880478087,0.8771557768924303,967.6892430278884,0.4335960219052874,362889.73705179285,0.12436909032264248,502,127.9326856994629,0.4731520118312077,46425458.67380775,0.74158996,47.0,900629659648.0
AMGN,1.048320618762475,0.9106708383233534,552.4910179640718,0.0853093063799075,104574.29940119761,0.13047130638489166,501,255.90605477469308,0.23059303577812915,26761196.39058803,0.87253,29.0,197560205312.0
AMT,1.94902755186722,1.2498846058091286,232.54149377593362,0.0900111897530431,41386.17012448133,0.1547142717501297,482,181.99965175083705,0.256407430651092,7532268.549956499,0.96617997,23.0,77366198272.0
AMZN,0.5833530079681275,0.6341003984063744,649.7131474103586,0.5641861955539287,318521.01195219124,0.1638471713745515,502,150.78232398623513,0.3079757217158678,48027338.42059877,0.68711996,62.0,2633878470656.0
APA,1.5496813692946059,1.4730118879668048,45.5,0.826707816946779,22129.36929460581,0.4109732867495938,482,30.632445547921318,0.3749958045906643,677876.6999268545,1.05851,24.0,12788553728.0
AR,3.9828639085239086,2.373121767151767,26.91891891891892,0.7996554552557132,8250.765072765073,0.3770431539772543,481,27.19800000871931,0.4261715173252791,224404.3085210054,0.89716005,20.0,10927916032.0
ARGX,3.0095796473029046,1.1834461825726141,126.99585062240664,0.04003718482845967,19213.491701244813,0.18874572435187123,482,446.5106379627046,0.40354279289510303,8579028.437013952,0.47761002,23.0,53284446208.0
ARMK,3.427900582120582,0.3891929313929312,21.571725571725572,0.7463101344628369,5612.713097713097,0.41674226717634005,481,30.12048123314267,0.2607854432297425,169057.6195266814,1.0257,16.0,14891061248.0
ASML,1.2771268725099603,1.2556881673306772,508.58964143426294,0.025026383665353247,67914.82669322709,0.11526846248885492,502,740.3076379975819,0.38513935586458514,50277864.93427807,0.20198,15.0,692094435328.0
ASO,2.3143139085239084,2.1860103326403326,139.02702702702703,0.3676254597271088,31512.47817047817,0.19678449875262424,481,54.92779549734933,0.3901363950536398,1730910.95656271,1.2005,19.0,3030217728.0
AU,3.3202225052192063,3.483252317327766,17.805845511482254,0.8058087351345125,6524.091858037578,0.4429519138009165,479,20.348732812064036,0.4354357665154593,132757.0020605691,0.79782,8.0,41041510400.0
AUPH,3.5828420386266093,5.58543008583691,13.182403433476395,0.8838960370823998,8499.504291845493,0.5578767023066509,466,7.815923790704637,0.6080384960420516,66431.47780383135,0.60698,7.0,1971463680.0
AVTR,2.9296900418410043,5.267101841004184,19.86192468619247,0.887517266390932,10154.652719665271,0.44447277761004367,478,22.40971429007394,0.31259600470878735,227562.86616262104,1.02556,16.0,7476171264.0
AXP,1.0063890663900414,0.8125979460580913,277.27385892116183,0.17054140404098067,48585.48962655602,0.13419464879684803,482,196.32499904087612,0.2495381434833261,9538546.204334106,0.65239996,25.0,237954531328.0
AZN,0.6400164522821576,0.9366709336099586,46.329875518672196,0.8238113233011669,20815.894190871368,0.45318496631675137,482,134.73782719203405,0.21089501809880323,2804688.354337292,0.68362,10.0,263230341120.0
BABA,1.0910950829875519,0.8234734232365145,238.3402489626556,0.5977893256980621,86993.01659751037,0.16113530449460642,482,81.73155893961588,0.3971939541377402,7110074.863374402,0.1125,39.0,279379410944.0
BAC,0.9201903319502075,0.5779357676348548,55.975103734439834,0.9228509558433325,52792.858921161824,0.3811251001825369,482,32.61439480372837,0.24886895273289314,1721807.1436723054,0.71412003,22.0,432447160320.0
BBWI,2.629940622406639,2.134097033195021,56.88174273858921,0.626866600225617,14022.313278008298,0.2700453287009685,482,35.57129790896461,0.4185030361798743,498791.88298486324,1.06496,15.0,4043329792.0
BBY,1.5261540124740123,1.2024193762993762,109.23076923076923,0.41473063262705684,20259.929313929315,0.20648294926013194,481,70.67064836774554,0.2956829754248317,1431782.3405000789,0.9906,20.0,18359924736.0
BCE,1.06984475,2.8332632749999997,3.7025,0.9042420684915785,1466.2425,0.749911624617263,400,31.633034875052317,0.1763168712598931,46381.7001377839,0.50349,3.0,20030654464.0
BCRX,12.150137978947368,13.445433052631579,11.91157894736842,0.923252270842573,8086.301052631579,0.539120140575183,475,7.285561921255929,0.6024392967440477,58913.24703286437,1.00193,11.0,2417086976.0
BCS,8.275613947368422,8.592908984962405,2.1278195488721803,0.9791778137834848,5554.868421052632,0.8605172182338261,266,8.624355616796585,0.31815951293389233,47907.16066767124,0.08777001,4.0,94845296640.0
BE,6.2950916875,5.924692291666667,31.985416666666666,0.786054134907626,12474.85,0.3686917014239687,480,15.177028566996256,0.7816270134625253,189331.15481899327,0.88117,26.0,62071341056.0
BEKE,3.17799442,2.9592936599999997,39.768,0.8595105650944596,26336.738,0.3614938425043622,500,15.436471248808362,0.5379578501652016,406546.29892439867,0.14399,20.0,17759025152.0
BEN,0.43574048625792783,6.815482283298097,10.788583509513742,0.9028443640730783,4100.602536997886,0.49964435021080855,473,21.73556919642857,0.2867965458015203,89128.9301899681,0.51592,11.0,16825851904.0
BHP,1.3087954166666667,1.4685615,15.577083333333333,0.7943053899232754,4368.183333333333,0.45380047447830113,480,53.65525101434617,0.2621745492017355,234375.97322668336,0.04369,7.0,214760783872.0
BIDU,1.40577872651357,1.7998090814196244,344.0688935281837,0.1986835665766215,99185.42171189979,0.1280639106072536,479,114.134076058524,0.4378170299257684,11320436.465562748,0.21709,33.0,36583964672.0
BILI,4.627068067729083,5.337142788844622,48.20318725099602,0.8142685459827991,32654.615537848607,0.38020530112700524,502,16.698247595287505,0.7152593509336997,545274.8553799185,0.080419995,30.0,7403366912.0
BKR,1.7014695643153528,1.2587119709543568,49.719917012448136,0.852109579983258,30570.317427385893,0.38466893116880274,482,31.69691481817336,0.2765442808512051,968984.7474603712,1.01844,22.0,56151085056.0
BMY,0.7990632285115304,0.36658364779874214,50.60377358490566,0.8361420539628007,18678.234800838574,0.35268904178019594,477,50.15317725771949,0.24130502921382163,936772.8208277619,0.83823997,24.0,124076244992.0
BND,-0.7968929222520107,3.1998868364611264,3.091152815013405,0.9650155871146491,3803.2922252010726,0.8299728087813456,373,65.83570111229307,0.06478676896673852,250392.41018104582,,,
BNS,3.2222502836879428,0.36726548463356956,4.491725768321513,0.813314769648371,897.7730496453901,0.7174336537644656,423,43.76266353062221,0.19252801205122372,39288.9398984918,0.50923,3.0,106946527232.0
BP,0.275902280334728,0.010068953974895316,12.824267782426778,0.9310409485190934,10522.182008368201,0.49421853770935104,478,30.99289885384696,0.23271597610552225,326112.9227071239,0.13949001,17.0,111554633728.0
BSX,0.7146063900414937,-4.374653319502074,52.29460580912863,0.7628414278813936,15583.238589211618,0.3086513566495933,482,63.21798089163644,0.18360469381948616,985140.8793625917,0.93877,28.0,63868686336.0
BTI,0.7540441737288135,1.0662166525423729,6.872881355932203,0.9403537420031715,5231.495762711865,0.6114989867218976,472,27.936606561569942,0.1810732422623242,146150.23885140163,0.15396,5.0,133898289152.0
BUD,2.044492575757576,0.8525303030303031,10.512987012987013,0.8221170049238391,3862.277056277056,0.6044941120375383,462,57.34535024007162,0.20470001022947898,221483.6305164006,0.05351,10.0,160475398144.0
BX,1.637864502074689,1.2165222614107885,235.01452282157678,0.2590239110357569,52879.36099585062,0.14445324530534895,482,108.9885820225307,0.3235131622318137,5763246.573195276,0.73758006,21.0,150118219776.0
C,1.1228173029045643,0.6341614937759337,52.977178423236516,0.850936703348544,24312.846473029047,0.321862010916891,482,49.836502147856216,0.25783115516273086,1211667.2254736105,0.81601,20.0,221836165120.0
CAG,1.4735655625,2.7491407083333335,13.229166666666666,0.9124207337894059,5119.185416666666,0.45415876376761555,480,26.849557204473587,0.20087006009518973,137447.8616850986,0.89223,16.0,7097128448.0
CAH,1.624404937759336,1.8235779045643155,91.75103734439834,0.40002415121200896,13641.761410788382,0.2045124351859109,482,93.38732822963169,0.21338697661968634,1273967.6504996181,0.90188,15.0,51651756032.0
CARR,2.585565082987552,2.0526767012448133,62.45643153526971,0.5966570231818205,17040.641078838173,0.27046094546600324,482,55.00798100062779,0.29005992969103067,937371.2607032476,0.89186996,21.0,56562524160.0
CAT,1.3452305186721991,1.3907506016597508,398.83402489626553,0.07700353661612316,65918.10788381743,0.13312311163382598,482,287.1438348969959,0.2709414908101536,18927978.286913235,0.72847,26.0,409609043968.0
CCI,1.4240541875000001,1.5551407708333334,130.83333333333334,0.25613824680208164,24390.204166666666,0.18000977275673585,480,96.85625161307199,0.24999927576612188,2362343.7516608634,1.00224,20.0,33825028096.0
CCJ,1.736730705394191,2.49533520746888,47.06431535269709,0.5977846712281912,14781.315352697095,0.2949620605686598,482,39.75257527305966,0.39305837323966814,587595.3511929237,0.68334,12.0,39359119360.0
CCL,2.6785732987551865,3.2696357883817426,28.53941908713693,0.9338186949689785,29445.585062240665,0.3446183562112824,482,15.27309687024071,0.4629853177633752,449725.2730565145,0.65906996,25.0,35747844096.0
CDNS,1.5385138522954092,1.6185324151696605,425.91616766467064,0.07037377900061272,75467.56886227545,0.13865976624651516,501,253.78952354794455,0.3125738010864021,19152878.344878584,0.93181,26.0,92952756224.0
CEG,1.4614417427385893,1.0650864522821577,362.8008298755187,0.15388901780199157,91475.80290456432,0.16775912921573619,482,143.71438983735584,0.4171733160612205,13146389.199311685,0.85388,21.0,98167341056.0
CF,1.7709210165975104,1.2431496887966806,142.34854771784234,0.33115938688825847,24679.7510373444,0.17623437445141482,482,75.15596357799711,0.29386051405344454,1854830.470076692,1.03863,19.0,19564689408.0
CFG,-0.6650016216216215,0.9726087525987527,23.964656964656964,0.8259799908023968,8403.821205821207,0.3963888615173877,481,31.48902454557873,0.35944720977973516,264628.132226759,0.99549,17.0,30618771456.0
CG,0.7371611410788381,2.209631908713693,42.97925311203319,0.7247683940398469,15117.11825726141,0.3387877395955271,482,35.44387126377651,0.34931469258871317,535809.1933896589,0.65428,17.0,15867673600.0
CGNX,3.196838832997988,2.895424929577465,55.559356136820924,0.47053675766388636,12710.800804828974,0.2680222051647808,497,43.57850010463169,0.34552897132990484,553917.6342031921,1.04565,20.0,10407872512.0
CHTR,0.8920857676348548,1.3223167012448134,423.57053941908714,0.04094242356322595,77398.70746887967,0.13120535120626023,482,353.72552365257627,0.37992878997275953,27377898.32946203,0.84984,17.0,20245979136.0
CI,1.4352402697095434,0.9927921161825726,281.1244813278008,0.062373097268538895,47587.736514522825,0.1499480967138049,482,294.38803347633,0.27150896147053627,14009260.170100117,0.92724,24.0,75352055808.0
CL,0.3148183823529412,0.1484342647058825,52.661764705882355,0.7068834724100352,9240.29411764706,0.29876084713389905,68,79.29945838564919,0.15683919327101298,732750.3188535119,0.87946,20.0,73321340928.0
CLF,3.413503208333333,3.6557058125000004,18.58125,0.9187414087310986,12825.975,0.4488794505944934,480,16.387104753766742,0.44656627773550167,210180.5958941934,0.85796,10.0,5390418432.0
CM,0.8798413766233766,0.02127506493506483,3.9558441558441557,0.7771860876400029,942.1506493506494,0.7208208228120048,385,43.363950678507486,0.20331880102147235,40855.37429016536,0.53633,3.0,107473149952.0
CMCSA,0.9472948643006263,0.4278430480167014,84.258872651357,0.8780257983354596,78440.46764091858,0.36239385685921593,479,34.5770315806071,0.24055450854277588,2712238.526817631,0.95824,21.0,84018814976.0
CME,0.9818163070539419,0.9418040456431535,323.1597510373444,0.13733273411051208,64314.44190871369,0.15759425484311113,482,182.43578084309897,0.17302174742390003,11733255.429104311,0.92337,15.0,90056081408.0
CNC,1.101738278008299,0.8486348962655601,104.77800829875518,0.4940440640193529,24625.68049792531,0.2160436333660538,482,70.70920014154343,0.27886383175264695,1741262.1709495038,1.00575,18.0,32536283136.0
CNI,2.0616648132780084,2.9467058713692946,40.732365145228215,0.2560062993791696,7344.44398340249,0.2634286300343739,482,111.93463275727771,0.18721681335165102,822097.6400885555,0.73472,13.0,77590208512.0
CNP,3.2336296506550215,2.852890698689956,10.847161572052402,0.9143488745980695,5273.980349344978,0.5158628777840809,458,27.252672900245305,0.19822257295323734,143730.06134302015,1.05263,16.0,28574121984.0
CNQ,1.684571600831601,4.3510934719334715,26.64241164241164,0.627670487093292,4423.10395010395,0.40346986723423095,481,29.314444976080033,0.2910780756814898,129660.8373688045,0.81544,4.0,95546376192.0
CNX,7.008195307855626,9.637533078556263,13.29723991507431,0.8487664294595737,4460.165605095542,0.5159800710608293,471,22.73895236787342,0.3043498237630935,101419.49324709486,0.98289,11.0,4899369472.0
COF,1.668213817427386,1.2575453526970954,211.58298755186723,0.24534389026494433,41841.122406639006,0.16048814840285056,482,120.87888173421224,0.31290206100900814,5057708.087018814,0.87984,22.0,123534368768.0
COHR,2.983327012448133,2.530856348547718,128.0331950207469,0.30912610858509987,31771.927385892115,0.2117355934354909,482,55.12904758635021,0.5900137777333119,1751556.0967669098,0.91313004,22.0,61076643840.0
COIN,2.085018132780083,1.9463003319502075,1518.0414937759335,0.10746842988934831,467615.4958506224,0.07956542485085168,482,143.77459051949637,0.880143067652125,67231226.4364945,0.6885,31.0,43766099968.0
COLB,-1.6516149999999998,1.5746547389558234,20.983935742971887,0.7938383897298297,8756.341365461847,0.4844011454361392,498,20.17219804128011,0.44004769321206016,176634.65214114948,0.99064004,14.0,9446071296.0
COP,0.674495178197065,1.0322746331236896,133.36268343815513,0.43294249949715724,24080.624737945494,0.18780072906292608,477,103.59497073218937,0.2614113753171119,2494631.6149402987,0.8727,25.0,144721149952.0
COST,0.9230043313373253,0.9050973253493014,616.8263473053893,0.032205384728556705,86103.7125748503,0.12093380157936913,501,658.136853608631,0.19008283223946182,56668026.47803389,0.75942004,35.0,411242332160.0
CP,1.4537426666666666,1.5166698958333333,47.579166666666666,0.39349896594746975,9101.060416666667,0.26681989369173764,480,77.61184900192987,0.21256250746697714,706350.1268157744,0.7465,13.0,81068089344.0
CPB,1.3599474348697393,0.8511968537074148,17.987975951903806,0.7932444743275904,4437.162324649298,0.46056254785881967,499,41.3192570132301,0.2170958479111699,183340.2505016059,0.64124,17.0,6524752384.0
CPNG,1.8972885892116182,3.5596275933609958,25.941908713692946,0.8835174293501643,18206.61410788382,0.4074942330333974,482,18.856647654942105,0.3850737343824166,343315.70722186327,0.86824995,18.0,28056854528.0
CPRT,1.107525925155925,1.8653670686070687,62.09147609147609,0.7220537557947128,16978.68607068607,0.33065339617980294,481,47.175466733660016,0.22380251456326145,800977.4399089075,0.89504,10.0,26173089792.0
CRK,9.522659876033059,11.650171115702479,10.514462809917354,0.9053817601339033,4851.520661157025,0.567818135920618,484,10.992509616670155,0.5025047479596816,53330.38752324254,0.29415,12.0,4117615872.0
CRM,1.0549507276507277,1.031786548856549,609.1850311850312,0.1395440184007094,138287.45322245322,0.10339067881836861,481,235.72301070440383,0.3299221579694633,32597534.816241086,0.94095004,53.0,133497004032.0
CROX,2.4491697590361445,2.4114490160642568,281.16465863453817,0.11962744037740766,55969.301204819276,0.14782108596912352,498,117.03335226876395,0.47589305579706465,6550274.944140169,1.02857,12.0,6767729664.0
CRWD,1.6613290436590438,1.6258447817047816,772.6299376299377,0.08578307456971856,168844.1600831601,0.10062419653825673,481,57.59361183166504,0.44425465740716713,9724345.015873035,0.76788,49.0,191860408320.0
CSGP,0.665128643006263,0.42899189979123176,160.37787056367432,0.4003696973249699,41016.76200417537,0.1979057005607147,479,79.55727627708798,0.281880563135031,3263181.8667577445,1.06269,20.0,11307369472.0
CSX,2.2819585239085236,2.138020187110187,42.020790020790024,0.9089383612973253,41297.72972972973,0.3822920267012333,481,31.822411052158902,0.2109618970391168,1314193.3309804224,0.83898,23.0,92776873984.0
CTSH,1.89036804,0.7367274,65.972,0.641625983107355,19184.788,0.2719614968480313,500,66.50269716535296,0.2222076162435706,1275840.1465454975,1.10017,25.0,20424140800.0
CUBE,2.5952904564315356,1.3420491286307052,29.75103734439834,0.5398094423431673,5726.566390041494,0.3622869757972382,482,39.01969083513532,0.24323212590693716,223448.85008629604,1.02117,16.0,9359254528.0
CVE,2.7927742462845013,2.8023774522292997,8.912951167728238,0.9204630459206152,7203.462845010616,0.547610437807034,471,16.92141766866048,0.32520416348422204,121892.80346110192,0.55259997,2.0,54061101056.0
CVNA,3.8760987941787945,4.111088440748441,407.6673596673597,0.22884610714691953,142713.7130977131,0.1505540972702554,481,15.45912383090882,1.2611762404183136,2206228.963146341,1.08309,21.0,68826439680.0
CVS,0.8220107053941909,0.21378398340248964,77.5954356846473,0.7026426619534931,28584.014522821577,0.3268251909833006,482,63.16726008097331,0.3062806714237383,1805573.8795213886,0.90172994,26.0,137902227456.0
CZR,2.2916747717842325,2.132704419087137,94.91701244813278,0.5685905210009273,28102.36307053942,0.23495443920032283,482,43.785457127888996,0.4404721197033642,1230474.8134174747,0.95346,15.0,6098585600.0
D,-2.252976970954357,0.9996407053941909,27.387966804979254,0.7620750769680517,7235.846473029045,0.3732320039576278,482,46.421150875999814,0.23035210415245425,335896.32084005245,0.82742995,12.0,62524542976.0
DAL,1.651923153526971,2.0223648340248963,40.392116182572614,0.8040106687740783,14642.008298755187,0.31712778091431065,482,41.934652433849514,0.3146337683007105,614007.528941839,0.83718,24.0,54924673024.0
DASH,1.8431080082987552,1.775258796680498,358.5497925311203,0.23734191067076835,100433.57883817428,0.13795628601606905,482,100.73890454973494,0.39935960943136717,10117568.712167118,0.94245005,42.0,77440286720.0
DDOG,1.8810755976095617,1.8493874701195219,477.3386454183267,0.2219944087376782,136774.70916334662,0.1278898625253158,502,106.41249516805013,0.4947208921341793,14554538.077956084,0.94224,46.0,87484334080.0
DE,1.489469705882353,1.4211785084033612,279.30252100840335,0.04744519708327267,40771.80672268908,0.13948160256421502,476,382.4874754115513,0.2504555799012623,15594705.42132906,0.82602996,23.0,164044275712.0
DELL,1.5809722614107884,0.81400377593361,287.55809128630705,0.29587061541692905,91060.54149377593,0.2105034577091729,482,81.07294759114583,0.48435443348637075,7382546.508146257,0.82281,23.0,285465706496.0
DEO,2.087142557172557,2.1410639085239085,51.62785862785863,0.1712434679139542,9233.02079002079,0.23061106267225606,481,140.54462653750466,0.21405473291110225,1297651.458746488,0.09762,7.0,46878728192.0
DGRW,0.9607085026737966,3.5633955614973267,1.695187165775401,0.7045771445892267,1179.7433155080214,0.9338417719449339,187,68.2668583170573,0.11513357582522533,80537.36977028153,,,
DHI,2.0267066735966734,1.6707374636174637,191.54054054054055,0.21322349116116415,37798.806652806656,0.1647436207053164,481,130.85831662132625,0.3057175339975067,4946288.208881266,0.88819003,12.0,40009670656.0
DHR,1.6278171784232365,1.2672096887966806,353.17427385892114,0.09357468615426573,67072.99792531121,0.14429243828765873,482,231.801395031157,0.23250011878329307,15547614.488009037,0.84931,23.0,125932920832.0
DINO,2.1983008298755187,2.2819290041493776,62.64730290456431,0.4289633931011604,12215.663900414938,0.2272829133692205,482,45.50323729742141,0.33643714218084797,555852.2532061252,0.83918,15.0,16379826176.0
DKNG,2.031244004149378,1.6894903112033195,98.43153526970954,0.7542389517736611,62029.08298755187,0.3183039789748062,482,31.854609493073962,0.4906672911735597,1975912.2157819422,0.80050004,35.0,11326621696.0
DLR,2.28342387966805,2.2054366804979253,186.68879668049792,0.16107866739298926,37690.00829875519,0.17758018137643664,482,123.40899424235026,0.2907839105167992,4651286.017135212,0.98605,31.0,67130150912.0
DLTR,1.3365708506224068,1.1057143153526972,305.8319502074689,0.24014288526349634,70824.40248962656,0.14619353855795136,482,120.47283782232375,0.35744061176323516,8532416.754995763,1.0573001,25.0,23474126848.0
DOCU,2.4272366390041493,2.7943387551867223,172.8941908713693,0.4314440784088339,48842.02074688797,0.196511890070526,482,56.99403807140532,0.47862410074136413,2783703.989932501,0.97054,18.0,9144337408.0
DOW,1.1124700833333334,-0.1158541875000001,20.59375,0.7967897833677663,5559.14375,0.38296297178624034,480,45.579932178315666,0.21253406800969427,253385.39509450743,0.73710996,16.0,22523170816.0
DTE,1.47267632780083,1.5202120954356848,83.27385892116183,0.2591430168152401,12319.157676348548,0.21252383257736177,482,102.99678001767113,0.18872897848891956,1268833.573193876,0.8174,15.0,30902607872.0
DUK,1.2094203734439832,0.15456647302904558,62.83195020746888,0.5427304001448481,9625.454356846472,0.26198469454638257,482,90.75636555989583,0.1716107352591605,873571.2542900504,0.70842004,18.0,99749330944.0
DVN,1.3131215975103736,1.3062273443983403,42.20331950207469,0.8061516808715825,10007.6244813278,0.3269927622551443,482,43.85255260649181,0.3035130350481736,438859.8790334427,0.50835997,26.0,51764736000.0
DVY,-2.478899525959368,-4.010475485327314,6.214446952595937,0.3975228848009768,4273.984198645599,0.787316603851865,443,109.55670899890718,0.13741850810986436,468243.64311694336,,,
DXCM,1.4336889979123173,1.3371277035490605,455.7954070981211,0.2104521507745918,128048.27766179541,0.15992679865885986,479,107.02512379964193,0.4757147946512459,13704382.769084578,1.04457,24.0,27562907648.0
EA,0.9501971101871102,0.9283666735966736,232.12058212058213,0.2957614236790768,48704.75883575884,0.1606316600634699,481,131.9051174781436,0.19251888274729254,6424406.935975423,0.9601,14.0,52394524672.0
EBAY,1.1798567265469062,0.6063335928143713,66.8003992015968,0.7805221722544936,27531.17764471058,0.3233943667646958,501,47.210518689836775,0.2634055941448911,1299761.1767488252,0.95791,27.0,49261797376.0
EC,4.993632155388471,8.886931403508772,3.235588972431078,0.9305671957936659,1553.8521303258146,0.7476426883700468,399,7.838882833208356,0.3216953408850829,12180.464789755262,0.013259999,11.0,34311882752.0
EMB,0.6511734854771783,0.417863755186722,19.278008298755186,0.8676171831189855,17650.390041493774,0.4050748307137945,482,76.53979447137742,0.08805074324426496,1350957.2261155802,,,
EMR,1.3508948232848232,1.3899391891891892,90.39085239085239,0.395135921489932,18634.299376299376,0.20688118512676382,481,95.79386832101004,0.24410346156112472,1785051.620707502,0.85247004,27.0,78206763008.0
ENB,1.6704243049327354,1.0753353811659192,6.105381165919282,0.9142062980915883,3683.3991031390133,0.6445519498807815,446,32.48060654413133,0.17063644962346633,119639.0370140645,0.53111,4.0,122832920576.0
ENPH,2.2057214107883816,2.2299361203319505,664.9066390041494,0.11278562399337792,159114.1867219917,0.10138151395750014,482,139.86592406499955,0.6197385812255893,22254652.757722247,1.0135399,26.0,5216573952.0
ENVX,4.2066747717842325,5.300435352697095,33.92116182572614,0.8133580543255855,22411.784232365146,0.41859895637453265,482,11.46318096342541,0.9615337256606366,256910.3383688459,0.50721,10.0,1020958080.0
EOG,1.3013435343035342,1.1612882120582122,186.48440748440748,0.2924148681941095,32755.237006237006,0.1688908860522173,481,112.60067531040737,0.2659779639478442,3688261.8068547333,0.97628,27.0,76698509312.0
EQH,-4.1043201489361705,3.057492510638298,14.429787234042553,0.8013817088072172,4023.6744680851066,0.4740124696758049,470,32.087517809186664,0.29969623091938585,129109.72615305053,1.04748,11.0,13306710016.0
EQIX,1.7805671576763487,1.7221840248962657,221.90041493775934,0.018152292628714845,27208.21161825726,0.15326594531489687,482,745.4848729306176,0.24419731953118,20283310.180905867,1.00076,29.0,101458706432.0
EQNR,1.7667985560344825,2.293907349137931,6.948275862068965,0.9205136523950543,4101.618534482759,0.5851541435105811,464,23.45974096389044,0.2931418857226204,96222.90835165746,0.06836,6.0,94964670464.0
EQR,0.7922794594594594,1.4776567775467777,40.197505197505194,0.47772270235148545,6138.045738045738,0.30170332165320496,481,58.07480820428758,0.20912037243132786,356465.828986151,0.98981005,18.0,26385616896.0
EQT,1.5000151037344398,2.2867331327800833,46.62655601659751,0.7837829259178566,16065.958506224066,0.34557458758379284,482,36.20014963422503,0.35921111800601024,581590.1019425616,0.93838,25.0,33783957504.0
ESGU,6.6284622670025195,-1.5890996725440802,4.478589420654912,0.5718610554863441,6122.219143576826,0.8246714744191226,397,102.88694478352865,0.1344882390407118,629896.422977851,,,
ETSY,2.0808428274428277,1.8079931808731808,332.43243243243245,0.2901010989140971,84363.66735966736,0.14703418603577426,481,78.63269507998513,0.4431782480556922,6633742.531322017,1.24583,24.0,7637249024.0
EVRG,1.2450952904564316,0.7809732572614108,42.060165975103736,0.6574646564858438,9877.815352697095,0.32725688985875706,482,51.25599916730608,0.18596571178903495,506297.29549264547,0.94668,12.0,19953207296.0
EW,1.697112468879668,1.9746246887966805,125.01244813278008,0.43655462549334223,31695.985477178423,0.220778976453855,482,78.56603797549293,0.35084338277373633,2490227.9986706725,0.94175005,25.0,48580247552.0
EXC,0.9259950519750519,0.7584475051975051,37.62577962577963,0.8728473109925265,23278.617463617462,0.4185013348581658,481,35.51421804155622,0.1956834947492179,826721.8963088889,0.97537005,18.0,47783821312.0
EXPE,1.7474566112266112,1.8255049896049895,326.92099792099793,0.19528054946276305,76632.80041580042,0.16781430209601805,481,123.20109074183873,0.4002786052468347,9441244.597828243,1.04532,35.0,31335362560.0
F,2.6980592152917504,2.7685966800804827,16.935613682092555,0.9726231908455567,39070.13883299799,0.4696970869920961,497,10.196168009440104,0.36011261539045447,398365.6996933976,0.67566,20.0,57459269632.0
FANG,1.3466862655601661,1.4082126556016599,319.41078838174275,0.1459829544113133,62801.39419087137,0.1417096045731711,482,150.56958666120258,0.28826232104162663,9455979.965066751,0.72165,28.0,57112227840.0
FAST,2.63080084,4.21844884,46.274,0.7247985839049336,14712.524,0.3471182892641619,500,29.761657075427827,0.22349143873924054,437869.0940020017,0.90195,13.0,52016066560.0
FCX,1.7380386099585061,0.3134119502074689,54.64730290456431,0.825825370154513,24486.852697095437,0.29722756088307634,482,40.64222513471331,0.34893207898782513,995200.1801559145,0.88221,22.0,93441384448.0
FE,2.1530074636174636,1.6707929729729727,13.515592515592516,0.8735790472863261,4508.004158004158,0.5034102296818094,481,35.42839946565174,0.1758086772997523,159711.3721025903,0.96502,13.0,28534009856.0
FERG,1.3550637160751566,2.5228815866388308,126.16283924843424,0.12248941609452413,26169.348643006262,0.17496339656088142,479,168.10355659121558,0.2630468967598301,4399160.580564854,0.98190004,19.0,44533944320.0
FIS,-0.31824941787941796,1.8286062577962579,78.22245322245323,0.5244130177439872,21054.072765072764,0.26010436925192815,481,63.04131708780925,0.2824932916311918,1327276.477172761,0.99505997,22.0,20954279936.0
FITB,3.5056951975051973,1.8335676299376298,42.18087318087318,0.851998182280727,23417.550935550935,0.41283780828649325,481,30.828397231329056,0.32518257486995605,721925.5624260455,0.91490996,20.0,52282060800.0
FIVN,3.0665996473029047,3.4901701037344397,173.5207468879668,0.24421960712450327,42105.680497925314,0.19658002830841403,482,59.67599997747512,0.4894094097873264,2512698.588445766,1.03251,21.0,1757143552.0
FLEX,-0.8372422129436327,0.4131602922755742,36.39457202505219,0.8312945598230135,20839.613778705636,0.38954307543898165,479,24.689956487019856,0.3342891745083931,514529.1574025416,1.00802,10.0,46531473408.0
FNF,3.1933766666666665,2.441299770833333,29.66875,0.4997246601273433,4790.754166666667,0.3720086778561613,480,40.88568344116211,0.23628537202407912,195873.2583027617,0.83987,5.0,13511708672.0
FOX,3.84625212371134,3.4690950515463914,8.105154639175257,0.8547409245582992,2653.773195876289,0.5863834970356117,485,31.105726267496745,0.22053226533291775,82547.54260694786,0.65844,,21259569152.0
FOXA,5.578551867219917,5.975429439834024,22.87551867219917,0.8736076253330846,11095.070539419086,0.4517703856481058,482,33.5703685433524,0.22553008553788934,372465.6070227905,1.23475,18.0,23703392256.0
FRO,3.105883642105263,1.1687273684210526,11.24842105263158,0.8605062839692825,5057.591578947368,0.5005932324259785,475,15.946475303286597,0.464311374509209,80650.75920779447,0.35657,4.0,8450764800.0
FSLR,2.243761767151767,2.204842744282744,568.4989604989605,0.06338148894641328,124536.39916839916,0.10367771918132387,481,188.40373325892858,0.5291823106491744,23463122.52995053,0.97863,28.0,22442708992.0
FTCS,-4.2048499,-4.6351062,1.55,0.5371900826444935,653.85,0.9722269286200904,100,77.7939302280971,0.10189553859150198,50865.56127964129,,,
FTI,2.7108099376299375,4.794860748440748,20.977130977130976,0.8634776183428288,10390.220374220375,0.43595289211687666,481,20.522871418907528,0.36552386114242424,213237.156754238,1.01748,21.0,29942511616.0
FTNT,1.1243840248962655,1.1443248340248964,173.97302904564316,0.567494632330127,58215.41701244813,0.22871309197404366,482,66.1056761532738,0.3946682614047114,3848369.5041526826,0.74189,37.0,113597136896.0
FUTU,2.649978941908714,2.849973319502075,211.14522821576764,0.2264678321130824,63255.55186721992,0.1608894856642774,482,57.84895972115653,0.6314742637169977,3659267.872106333,0.49485,18.0,14873233408.0
GD,1.076395941422594,0.7120319456066946,162.29916317991632,0.08051646025863635,21658.092050209205,0.17042254132909262,478,243.7667568533761,0.17802098049576534,5279522.858711385,0.8763,21.0,100913725440.0
GDS,7.9328401219512195,5.5723749593495935,39.06910569105691,0.6764898318890108,12565.30081300813,0.4307347965063874,492,13.572466648646763,0.7681506418144617,170542.1262147669,0.50442004,17.0,6552348160.0
GE,0.8762754811715482,1.057892907949791,188.34309623430963,0.2890302043925168,43908.72594142259,0.16082451517237012,478,115.73019142514184,0.27614071131031026,5081565.258434928,0.81341004,21.0,354005942272.0
GEN,4.22532754,1.2670562600000002,22.232,0.9031752264077823,14413.284,0.4937571265073325,500,21.061774611700148,0.3026033226603034,303569.33902242396,0.90815,10.0,15410257920.0
GFI,2.820222531380753,5.058769895397489,12.654811715481172,0.9202378244907231,8138.571129707113,0.4870826191663602,478,13.155453894478935,0.4609002015989699,107066.59726379927,0.20708999,8.0,30052462592.0
GILD,0.8874557883817428,0.6481804356846473,93.37551867219916,0.6837080834266608,33240.68464730291,0.27036055519406565,482,72.55365384783063,0.22380970852775417,2411733.127565313,0.94275004,27.0,161826226176.0
GIS,0.7824226722338204,0.6591053862212943,27.636743215031316,0.7116631952309646,6048.80375782881,0.34497010627808994,479,63.331409926641555,0.18577199318150248,383079.27035286627,0.91134,18.0,19699175424.0
GLW,2.0021847157894737,2.198695263157895,16.277894736842104,0.8739108364496634,5790.787368421053,0.4592667836149236,475,33.81996499197824,0.24510253137415056,195844.2260759898,0.7365,15.0,132589862912.0
GM,1.4374555323590814,1.431785114822547,52.0187891440501,0.8581650973693801,25597.962421711898,0.35837890981224163,479,39.142055551438105,0.32895986511012615,1001956.8671142722,0.89025,26.0,74282598400.0
GMAB,1.475396092715232,1.002201766004415,8.189845474613687,0.7333089261606721,2260.9139072847684,0.551959427009338,453,32.202485653105235,0.29406139004671483,72807.04766224386,0.13571,10.0,17712050176.0
GME,5.557985888223553,5.863834411177645,376.373253493014,0.2786198573141901,196427.0978043912,0.27139093825092114,501,20.11099046434675,1.1782418313185352,3950343.490883418,0.37214002,,9691731968.0
GOOG,0.42688211155378486,0.35577671314741033,592.4382470119522,0.5767958836677985,206307.0796812749,0.27122434951575225,502,139.5974235462007,0.29144654483266463,28799936.782846708,0.61815,14.0,4172181667840.0
GOOGL,0.405465369261477,0.16634001996007983,531.1976047904192,0.5812170180119889,199991.44510978044,0.1839526904741213,501,138.4850986008417,0.2918579366647906,27695834.995352764,0.81311,53.0,4174378172416.0
GPN,1.9239808559498954,1.1814325469728602,163.24217118997913,0.19543027227603668,30940.277661795408,0.1694507763421256,479,108.84562715076265,0.2978981362055613,3367713.9263168536,1.03386,27.0,21601732608.0
GS,1.1246709958506222,1.1135879045643153,377.9688796680498,0.05317321981490441,53920.01452282158,0.13832676542396452,482,380.64385213216144,0.2480041935111951,20524322.034988895,0.74501,20.0,323977150464.0
GSK,0.8196755179704017,-0.1385833826638478,10.570824524312897,0.91339279458361,5882.775898520084,0.5427357221985255,473,34.152594524565195,0.208730477023256,200912.05994104114,0.18737,8.0,101662007296.0
GT,2.8102,1.9205174166666665,16.904166666666665,0.9246123321231854,13650.552083333334,0.4961972862682023,480,11.716266671135312,0.4520215865490317,159933.50841655504,0.94437,7.0,2141417728.0
HAL,1.7782994813278008,1.803259356846473,25.37551867219917,0.8617612102417171,11129.645228215768,0.3844860014807825,482,32.94053451538086,0.3311208567296161,366616.4627839854,0.83926004,25.0,27593187328.0
HAS,1.8433783817427385,1.1062260373443984,83.1701244813278,0.48118100811278036,19993.66804979253,0.23600292937998077,482,53.461259039016,0.32463180237649086,1068886.6667500562,0.97148,13.0,12598331392.0
HBAN,4.418188672199171,3.093161161825726,21.267634854771785,0.9450816335379185,42167.33195020747,0.5054487501106948,482,11.73609738667806,0.3193359706839767,494879.9143040161,0.89289004,18.0,37035675648.0
HCA,2.3655872199170127,1.7486454149377593,202.73029045643153,0.06308437859257023,30066.653526970953,0.16871986712701792,482,292.0691711716425,0.2294509680712927,8781542.575527348,0.78282,20.0,82495569920.0
HD,0.9763438381742738,0.87286622406639,405.3464730290456,0.08864698778113819,62392.09336099585,0.13283305513691793,482,317.92948486328123,0.2094720453698909,19836286.10180316,0.75958997,32.0,330494345216.0
HON,0.7099864107883818,0.6592578008298756,364.4377593360996,0.1877002119969903,76152.36099585063,0.148702851796367,482,189.22074050176712,0.18066992893119896,14409606.138592744,0.83432,17.0,73817423872.0
HOOD,3.7226635269709547,3.142778692946058,64.55186721991701,0.842016344473245,58213.37966804979,0.3649481961300387,482,15.7395047496614,0.5390384773422802,916249.765779112,0.73959,26.0,94084775936.0
HPE,2.8429936666666666,0.9423334583333335,21.2875,0.9347244989883768,19027.004166666666,0.42340744835781247,480,16.311274879092263,0.33493916783908545,310354.6950881338,0.94348,19.0,63733915648.0
HPQ,1.614332531120332,1.4938072406639005,21.852697095435683,0.8998890949475562,9028.641078838175,0.4167222581295497,482,27.9548525310698,0.2888097690776863,252394.3299148801,0.95244,16.0,22954520576.0
HR,0.8252504525862071,4.779593556034483,8.857758620689655,0.9151003989209585,4081.719827586207,0.5525639998754017,464,14.61668209984189,0.2678273096129833,59661.20114044904,1.14395,12.0,7464002560.0
HSBC,4.357381452380952,1.6240887857142858,3.7666666666666666,0.9331499754262577,1755.8857142857144,0.7043572130743437,420,33.976789590744744,0.20665257059025677,59659.35945968026,0.02491,3.0,353630388224.0
HST,2.3322117842323653,3.463693153526971,23.997925311203318,0.9149393027688455,25057.375518672197,0.45391982903358213,482,14.976172581627255,0.2596006760767736,375263.5802102766,1.05899,20.0,16997273600.0
HWC,4.822173236514523,4.590024377593361,55.25933609958506,0.261904946814431,10097.464730290456,0.2692509299731379,482,42.06807480948312,0.36045437123520835,424780.9016599762,0.99127996,10.0,6147984384.0
HWM,0.6870784647302904,-0.24696033195020747,57.43775933609958,0.546154567738093,11437.917012448133,0.32462753582107073,482,63.99980100359235,0.2881773235945696,732024.4126922841,0.9453,20.0,112310173696.0
IBB,1.1931988958333333,1.6639384791666667,23.414583333333333,0.5280248555634053,8185.289583333333,0.4295482735554107,480,132.33324327741352,0.17377107614437864,1083185.9177273286,,,
IBM,0.891217489626556,0.9181110580912863,171.28423236514521,0.301492467465613,30373.6867219917,0.16573235189216437,482,154.3293488420759,0.20060615816073002,4687551.293738185,0.65540004,23.0,193400209408.0
IEF,1.4202640449438204,2.7812519325842695,5.402247191011236,0.9268822055137822,9442.175280898877,0.6927463208061374,445,86.73190107073103,0.08186393931663954,818937.8123554233,,,
IEI,7.36983298245614,10.74285392982456,2.9859649122807017,0.8695058916037318,4621.357894736842,0.857343186871694,285,106.46994743710472,0.05196802495943214,492035.73214068054,,,
ILMN,2.243270260521042,2.1174515831663325,374.23446893787576,0.08799391168611849,83060.33066132265,0.14877538805101284,499,151.50253335135324,0.42763322840312806,12583850.516191462,1.07099,19.0,28878630912.0
ING,3.7327969264069267,9.11778948051948,1.9350649350649352,0.9708620420540897,2014.1601731601731,0.9003226165943655,231,12.823580661955335,0.25661203598440135,25828.745446617406,0.05904,3.0,95238619136.0
INTC,1.3133725896414343,1.211586454183267,138.22111553784862,0.8754542634303472,164199.60557768925,0.3319579136099456,502,31.729449917021253,0.44832823555666645,5209963.161571935,0.66203004,40.0,515768123392.0
INTU,1.2802303319502075,1.3550509751037345,512.8319502074689,0.03386154529295873,82724.01452282157,0.1268052192556232,482,538.1605318777902,0.2922503560249152,44518799.65466769,0.94789004,33.0,77813071872.0
INVH,1.8424608805031446,0.745068071278826,13.935010482180294,0.8615291862142918,4734.138364779874,0.4865131369046913,477,30.394328369867235,0.21943950990092734,143890.9560075058,1.02861,23.0,17524238336.0
IP,0.08260154488517746,-1.8844165135699376,33.91231732776618,0.7701355977920099,14416.697286012526,0.41886662362403987,479,35.46329010009766,0.289883748638497,511263.5181391528,0.99412,11.0,20169302016.0
ISRG,1.23352236,1.15774726,461.73,0.04724040284517046,82213.084,0.13632031352661284,500,362.7703997512091,0.2767871289634844,29824473.347459733,0.91442,28.0,122061750272.0
IUSG,4.337311141732283,4.002442716535433,1.921259842519685,0.3969519343493242,866.0236220472441,0.854047375121979,254,106.07963463192894,0.15814337308756538,91867.46940939137,,,
IUSV,1.2861042780748657,8.726091978609626,2.3475935828877006,0.5685480605716602,964.4652406417113,0.9126996041281681,187,79.00534685407366,0.12302530193535859,76197.91086559603,,,
IVZ,0.8715327931769723,2.9041705330490406,12.238805970149254,0.9261322950232713,7253.765458422175,0.592025501292568,469,14.660315381004697,0.3092193230342151,106342.4893203072,0.97208,12.0,13520547840.0
IXUS,0.7553829559748427,0.8604779245283019,3.7735849056603774,0.820871132472204,2715.9150943396226,0.8472069721233686,318,59.36465264456613,0.13092532398827575,161229.35618760574,,,
JCI,0.64602051975052,-0.7238757380457382,44.08731808731809,0.6547087881901575,11143.577962577963,0.29785859448795404,481,62.22960695539202,0.25592641836860225,693460.4766879949,0.93823,19.0,86935371776.0
JD,2.0500926763485476,2.208387427385892,111.47095435684648,0.7908595123912872,81917.36929460581,0.35821581423405496,482,31.826334904261998,0.5064881680503762,2607129.6296462333,0.15447,35.0,40717574144.0
JNJ,0.5313140124740124,0.5426040124740125,162.49480249480249,0.4611720241845876,33743.910602910604,0.18741691849371117,481,147.32027579171316,0.15655214644029047,4971162.216311704,0.76906997,22.0,615356891136.0
JPM,0.6432501452282157,0.5408077385892116,198.149377593361,0.4153062010923457,45194.10165975104,0.17944959767812627,482,164.05563395182293,0.21963461392159214,7414346.998673589,0.76133,20.0,925611851776.0
KBWB,0.026418942307692293,0.4741553205128204,9.137820512820513,0.6440519715375177,6526.8108974358975,0.8163730718564673,312,47.237498706635975,0.2628169079064342,308310.2213260858,,,
KDP,1.1282719361277445,2.465688003992016,34.10578842315369,0.9095547912749091,33254.24151696607,0.4483458195004437,501,30.811377843221027,0.17514536143276468,1024609.0002689691,1.03091,17.0,41088897024.0
KEY,1.8963476041666665,1.6367558333333334,21.09375,0.9332961046358254,22953.15,0.43703457241160065,480,12.623973599388487,0.458106690326523,289759.95962280384,0.88879997,19.0,24774729728.0
KHC,0.811860663900415,0.7944631535269709,38.47302904564315,0.9015084591178446,28014.948132780082,0.44032556353171204,482,31.039482934134348,0.18330999410951557,869569.5044680863,0.67023003,17.0,30782787584.0
KIM,2.2655334533898306,-0.7505288983050845,9.902542372881356,0.9260526486086066,5790.362288135593,0.5626189456513317,472,18.110055937994094,0.24460642897324678,104863.78493938707,1.03189,23.0,17628547072.0
KKR,1.0402581327800828,0.801902427385892,121.06846473029046,0.359929015490215,29810.053941908714,0.22564766318470686,482,84.35293962024507,0.3198086797870375,2514565.680238074,0.62961,20.0,89076137984.0
KLAC,2.214190497925311,2.3752639834024896,464.87344398340247,0.02523130672482567,54939.73236514523,0.12055815732246737,482,56.398435741606214,0.3878053789346717,3098514.9654566864,0.95755,28.0,280444239872.0
KMI,1.9572342083333332,2.012586541666667,10.970833333333333,0.961520213079592,11404.275,0.4960322773667176,480,17.045579261779785,0.18355248081178996,194392.47343563367,0.71008,21.0,72284594176.0
KMX,2.0747434647302905,2.2999117634854773,134.97717842323652,0.27887274483121866,26978.66804979253,0.17769796758914022,482,73.93420944213867,0.37929949278359315,1994646.4940632957,1.11481,13.0,8152793088.0
KO,0.7208565145228215,0.4976085477178423,30.180497925311204,0.9045021339249292,13012.529045643154,0.36485476957957974,482,57.5263260832287,0.13108681074831097,748562.9890471529,0.68333,23.0,353664040960.0
KR,0.8524429875518672,-0.17085927385892125,28.54979253112033,0.82876367100576,8376.688796680497,0.3779122788812072,482,47.35940147763207,0.212680161843778,396714.96777517436,0.81661004,22.0,35251724288.0
KSS,2.7316184615384618,2.5488951767151766,35.316008316008315,0.7818245636996949,12276.014553014553,0.34933375496931335,481,19.759302464439756,0.540557772832388,242565.48461087878,1.09517,13.0,2163671808.0
LAC,10.705220260303687,15.369950802603036,13.271149674620391,0.7758674523695961,5708.960954446855,0.5463303793540032,461,4.5894006268835215,0.8185164122836213,26200.708983191944,0.32583,9.0,1049676800.0
LCID,6.165443084677419,5.949828447580645,27.87298387096774,0.9335573872528338,98155.73991935483,0.5469622726559141,496,49.64933340163458,0.816252947008115,4873367.056540181,0.61964,10.0,2645941248.0
LEN,1.7304012240663902,1.4521699170124482,194.7655601659751,0.2092471116428181,33312.99585062241,0.1533765081454411,482,127.13875757126581,0.2915351537848237,4235372.9034248665,0.96672,13.0,19789535232.0
LI,3.2192747510373447,3.1880163070539416,81.52489626556017,0.7492843684763704,46149.396265560164,0.3186368870731703,482,28.336171464465913,0.6026285119482463,1307697.2055624956,0.04183,26.0,12024093696.0
LIN,1.5662955688622753,1.1423592814371257,372.5149700598802,0.05203756745929135,68651.14371257485,0.13841041225515946,501,391.8708979143415,0.17367085506852695,26902385.329493206,0.91379,25.0,235182211072.0
LNC,5.757252356687898,-0.15669959660297259,18.15711252653928,0.7268436604868144,3318.5732484076434,0.44432014622586335,471,24.482902307056246,0.40585685323208426,81248.30463957464,0.84292,12.0,7973590528.0
LOGI,1.3097220374220375,1.414086943866944,47.2037422037422,0.366057634260228,9351.476091476092,0.28765322811729344,481,74.20539429437547,0.32902616668688056,693929.9706024085,0.67817,10.0,14987985920.0
LOW,1.2990638381742738,1.6135848340248962,269.9128630705394,0.11680466918942764,46000.33195020747,0.1475159255738053,482,214.8917140125093,0.22965359485834871,9885090.177924478,0.81023,33.0,114640355328.0
LRCX,1.8130994386694386,1.8783874636174636,551.089397089397,0.09962603746598651,72774.12474012474,0.11504678956636934,481,70.58236915951683,0.3996830989841708,5136570.137668211,0.89876,31.0,399294824448.0
LULU,1.6072746887966805,1.556703630705394,527.9730290456431,0.04921080478594371,101305.69502074689,0.13029806347090295,482,359.13354268391925,0.3676798784082499,36382273.14685751,0.81981003,26.0,12873608192.0
LUV,1.7533797505197506,2.0642812058212057,27.051975051975052,0.8686263631278094,11365.594594594595,0.38188952434583917,481,28.895241975330173,0.3408866426982688,328411.6060043155,0.89581,23.0,23294955520.0
LVS,1.9549245530145531,2.383717068607069,61.83575883575884,0.6782580597285504,15301.77130977131,0.3157099968020244,481,48.33259261358352,0.2954447868430135,739574.278981397,0.42332,19.0,29984337920.0
LYFT,4.042417027027027,4.667722744282743,51.45530145530145,0.8893976326044319,68882.83575883576,0.410033058308959,481,12.774057173956008,0.7024336542961757,879913.2822875894,1.08593,36.0,5566146048.0
LYV,1.3601164937759336,1.7690361618257262,153.7759336099585,0.2849452058393902,31953.460580912862,0.18130224719810095,482,91.4643807547433,0.2912699438608021,2922603.485004295,0.85566,23.0,41404260352.0
M,4.145803104166666,5.377526625,18.991666666666667,0.9058800014206286,12279.258333333333,0.4351064470097815,480,15.352367253984724,0.4727158503802168,188515.6835398857,0.99310994,11.0,6399713280.0
MA,0.8431409543568464,0.9568948547717843,339.50207468879665,0.06489749385103852,49468.263485477175,0.13298841405579503,482,420.5439168875558,0.1671268323946317,20803577.287808225,0.91370004,38.0,470048931840.0
MAR,1.137208882235529,1.1928125948103792,316.001996007984,0.11844914531114378,58670.73652694611,0.16346317405095526,501,209.4882855515253,0.22735309203884044,12290832.007075192,0.66412,24.0,97512046592.0
MAT,2.7059611226611224,2.2496316216216217,21.11018711018711,0.893570175765943,13912.31600831601,0.5187498136461067,481,18.911619055611748,0.31107154375631985,263104.4205305614,1.06092,13.0,4184193280.0
MCHI,1.2315246896551726,1.9148922988505748,6.940229885057471,0.886956221138415,5682.365517241379,0.6883154988427211,435,42.10216984340123,0.2900518653427228,239239.918119183,,,
MCHP,1.0636910580912862,1.0364959543568464,203.59751037344398,0.5047469735053294,52993.63278008299,0.18866576397107426,482,76.0319709850493,0.3554858506172435,4029210.349927627,1.02227,24.0,46166568960.0
MDB,3.34852486,4.11325064,446.414,0.04371931132456113,89147.794,0.11841814145425004,500,310.26334280831475,0.6040398232053187,27659292.570427023,0.93663,36.0,24529326080.0
MDLZ,0.6041455888223553,0.28512229540918166,54.6746506986028,0.8098778506133605,25934.191616766468,0.3489490838958734,501,64.44153592064266,0.17114962337903278,1671239.140644686,0.91973996,22.0,78122926080.0
MELI,2.9004706016597512,2.9237832157676347,268.5331950207469,0.013244447278030577,24764.867219917014,0.11117241647143453,482,1493.917315266927,0.3899862122180391,36996663.95012035,0.84606004,24.0,91214880768.0
MEOH,5.212757354709419,3.198830601202405,21.627254509018037,0.26665062588395316,4494.198396793588,0.3873018150790255,499,42.67871077037993,0.35787196376792074,191806.5935214587,0.79749,10.0,4367212544.0
MET,0.2200396465696466,-2.2015878586278586,36.228690228690226,0.7016663366396035,8206.390852390852,0.3474942344347453,481,63.81731836954753,0.2441288540175002,523709.85769196955,0.78486,16.0,60013346816.0
META,0.5456004979253112,0.562449377593361,2220.363070539419,0.121777052965615,592302.6763485477,0.0849691284078146,482,373.13723518008277,0.38458397142693035,221010183.04246047,0.80251,58.0,1592022925312.0
MFC,3.6849575718015664,2.8424149347258485,2.7389033942558747,0.9251658820795678,1474.793733681462,0.7477960438476944,383,20.82705331711542,0.20703128388246392,30715.607723131532,0.54543,2.0,71690633216.0
MGM,2.8995687318087318,3.081207713097713,27.806652806652806,0.7732700957181425,7556.0332640332645,0.383403282622172,481,41.03955176217215,0.33131245053738495,310096.21825598774,0.68546,18.0,11638673408.0
MLCO,5.713769916839917,5.948491455301455,16.935550935550935,0.899877614196752,14124.52182952183,0.5116594307918263,481,9.193390472048804,0.5032641105587023,129852.24440977133,0.32376,12.0,2123954688.0
MMM,1.0748826556016597,1.0572322614107885,147.56639004149378,0.36578252319925614,27403.122406639006,0.1746969423835463,482,91.78089917864118,0.3021044146956218,2515083.2147836974,0.78279,17.0,88064761856.0
MNST,1.4195583783783785,1.3491709563409564,73.004158004158,0.761921051036507,31771.18711018711,0.34724522547047904,481,53.77323814755395,0.218859194867408,1708439.6107065878,0.72902,23.0,93566033920.0
MOS,1.5117121161825728,1.6296620954356849,34.88796680497925,0.7667959461841751,7930.821576763486,0.3705290869199808,482,32.13578322637649,0.34475682902466853,254863.16299794076,0.94084,19.0,7240546816.0
MP,3.2320598535564855,3.9140383054393304,28.700836820083683,0.7409139069292254,6702.456066945607,0.38864907955486083,478,19.848476190112887,0.5452667427559721,133033.53966004754,0.70596004,16.0,8132054016.0
MPC,1.814647510373444,1.9345423858921162,221.80497925311204,0.18626700608096775,42799.85477178423,0.17765919909855707,482,142.09083988734653,0.30045373829606403,6081467.311579278,0.78455,17.0,92199428096.0
MRK,0.8778372916666667,0.8210578958333332,128.88125,0.5266056572798956,30833.03125,0.1989681263738189,480,104.3022458031064,0.19797516391676442,3215954.404292361,0.82216,26.0,314828521472.0
MRNA,1.9488229045643153,2.076287510373444,516.0871369294606,0.17478502549040734,127454.51659751037,0.10983732075091927,482,110.31497137887138,0.5554053307073117,14060141.350562245,0.78832,19.0,23041378304.0
MRVL,1.3370333817427387,1.0650715560165975,250.50207468879668,0.5708541454199412,107951.95228215768,0.24130616408059513,482,61.95352032616025,0.5561536888175632,6688003.469961338,0.87337995,40.0,189372907520.0
MS,0.6612884024896266,0.4393536307053941,111.57883817427386,0.5773363262481278,28277.396265560164,0.2499145100711228,482,87.516226675851,0.2593212054050954,2474731.021379626,0.63009,21.0,343482007552.0
MSFT,0.30847065737051793,0.4110148406374502,1645.9442231075698,0.25734059816426147,409793.7330677291,0.08704037983374173,502,355.86224344889325,0.22800390120751177,145830117.200779,0.76444,55.0,2899615154176.0
MSFU,5.448217675675675,6.829518054054054,6.956756756756757,0.2194778362133631,2970.091891891892,0.7242319640661761,185,32.2433914802188,0.37590675662044926,95765.83560249396,,,
MTCH,2.6638079045643153,2.976717053941909,86.26348547717842,0.7188343164616653,31933.201244813277,0.3067724520655991,482,35.63536087762742,0.40991708944891364,1137951.1503368223,1.09105,16.0,8871126016.0
NCLH,2.814213257261411,0.4837982987551867,23.719917012448132,0.91386142349199,15153.697095435684,0.38397821086089656,482,17.902876227242604,0.49362649725388724,271294.7634847108,0.98493,25.0,8874599424.0
NDAQ,1.197920456431535,0.9944442946058092,47.446058091286304,0.6901024750219216,15801.813278008298,0.3574573920650699,482,58.179904080345516,0.21867884719449546,919347.980810053,0.86303,15.0,51407659008.0
NEE,0.9400745020746888,0.8542286721991702,64.63070539419087,0.7241955845868789,22890.064315352698,0.2861131155057692,482,66.01399080548967,0.265131406986284,1511064.49525076,0.87022,20.0,186473988096.0
NEM,1.971170726141079,2.309354377593361,34.587136929460584,0.821583019357577,13595.51244813278,0.3202146403386027,482,40.96463106427874,0.34559196359304595,556935.1515675684,0.81092,21.0,102218178560.0
NEOG,6.011743387423936,2.6047446653144015,17.898580121703855,0.8535195581005511,6559.288032454361,0.4847663246685801,493,16.981638130914597,0.4187609421209482,111387.45576357876,1.13886,3.0,2139725952.0
NET,2.6185499377593358,2.4936958506224065,236.28215767634856,0.2650373940062555,57095.79253112033,0.14115295373471254,482,73.79514293125698,0.5659754840965059,4213392.170607419,0.89958,31.0,95471640576.0
NFLX,1.0312174302788846,1.0884746812749004,1304.934262948207,0.04027397833795964,243437.00996015937,0.07876438695537906,502,52.36013141813732,0.3429089517371547,12746393.83355235,0.88053,45.0,285354786816.0
NGG,1.9864069278350516,1.9929994845360826,12.65360824742268,0.333017643551157,2348.5896907216493,0.45381710696686617,485,54.404292602539066,0.21279728133642056,127773.36073732734,0.06279,5.0,83465379840.0
NI,1.1756524572649572,0.5941161324786325,9.121794871794872,0.9239572132293452,4110.681623931624,0.5321031073947393,468,26.725565556117466,0.18368048293359748,109860.29122071202,0.98779,15.0,22327484416.0
NIO,5.467422091633465,5.759785438247012,25.86454183266932,0.9506231812887329,46493.754980079684,0.43490437671874327,502,7.429790496372041,0.6732665020777853,345438.85889164626,0.12529999,24.0,11701465088.0
NKE,0.8839422821576763,0.7484314937759337,154.54149377593362,0.5602994403431284,40631.748962655605,0.20477466932055718,482,94.81704206194196,0.30731431329606407,3852582.2504423833,0.81955004,34.0,62618480640.0
NLY,2.2015335333333335,3.265455711111111,7.233333333333333,0.932955540212802,4127.471111111111,0.5948361463033456,450,13.769172065371558,0.23272862727002275,56831.85992373922,0.61634,11.0,16827876352.0
NOC,2.1388370124481324,1.9318938174273859,187.98340248962654,0.03236599309005541,23879.8132780083,0.1389486396968419,482,450.43093058268227,0.20396432895886848,10756206.516953971,0.84376,20.0,74622869504.0
NOV,4.042651898734177,5.2728501898734175,13.170886075949367,0.8803234206683117,5153.111814345992,0.4954925733711001,474,17.31986228761219,0.3542773601962279,89251.18697713997,1.08097,20.0,7296202752.0
NOW,1.9418746680497927,1.8952058091286306,370.39211618257264,0.025589678214181906,49208.199170124484,0.12266437627899401,482,134.8235924275716,0.32940178351691357,6634426.1890076315,0.88661003,46.0,98448662528.0
NRG,1.4404648547717844,1.260136410788382,66.47095435684648,0.5166103903426063,15191.342323651452,0.29870819458939507,482,54.258181878952755,0.33753207937714336,824254.6147821132,0.95115995,17.0,29533884416.0
NTAP,1.421025370741483,1.2876445490981965,138.62725450901803,0.3939852249763119,29572.44488977956,0.19614626454162262,499,87.45356008620489,0.2950637613158051,2586215.5860643196,1.05992,16.0,32628502528.0
NTES,1.6858903941908714,1.6767485269709543,154.93153526970954,0.28940975941875774,41196.724066390045,0.18045143638688124,482,87.6637273297991,0.39331906127898386,3611458.3854369894,0.09882,31.0,77604724736.0
NTR,1.6118051659751038,1.8158183195020747,45.65145228215768,0.4193661926764016,9137.964730290456,0.2885747216292015,482,53.5641176641555,0.29328108113506246,489467.018024181,0.71849,21.0,32881612800.0
NVAX,3.3597669022869026,0.5318158627858629,47.36382536382536,0.8012933491097862,38177.18087318087,0.4376915564255602,481,8.772495227541242,1.1948816417840333,334909.137010958,0.69486,9.0,1300705408.0
NVDA,0.3481939641434263,0.2527682868525896,4757.410358565737,0.23947518412141397,1683673.8227091634,0.060245696457163045,502,70.23626539684477,0.5073740445516106,118254961.45352097,0.71521,58.0,5136305356800.0
NVDS,3.124320805369128,0.9099207718120801,3.9093959731543624,0.36368450472182745,2741.010067114094,0.7271979597399268,298,1690.7413162231446,0.8588738990360723,4634338.968653373,,,
NVO,0.8081493983402489,0.7617389419087136,136.59751037344398,0.27971765923597375,37612.67842323652,0.18559692714402215,482,95.45616467430479,0.32716630336865676,3590362.0254101357,0.09925,12.0,213137408000.0
NVS,2.052407995780591,1.147956476793249,17.29746835443038,0.6461528792191825,4092.8037974683543,0.4479885763827381,474,91.79394368489584,0.17609465431505966,375694.6012981379,0.07661,10.0,290961424384.0
NWL,2.5918063900414934,4.690942904564315,14.651452282157676,0.9444282533052728,16135.539419087138,0.5259513121248995,482,8.152414700644357,0.5653747192424827,131543.6087629925,0.99011004,8.0,2290360576.0
NXPI,1.6854275103734442,1.503796244813278,516.7572614107884,0.07882127990878948,103649.54771784232,0.13035546141923476,482,204.92264061337426,0.3379484879167536,21240139.016722187,1.03013,29.0,70388932608.0
OKE,1.264458232848233,0.3640274844074844,43.65904365904366,0.589474498551213,8600.727650727651,0.3243449816474006,481,66.5999654497419,0.22929512870407262,572808.1643811014,0.84049004,21.0,57805512704.0
OKTA,2.0265667219917014,1.7432400622406639,267.2344398340249,0.2391289596050007,67343.3755186722,0.15483229370424131,482,81.34965721493676,0.4561526251482615,5478360.514140747,0.99134004,42.0,23968106496.0
OMC,1.812788174273859,1.2984193775933612,81.53319502074689,0.33658437346672515,13408.072614107883,0.2203817667278902,482,81.84045107886905,0.23757493870723673,1097322.71083682,1.12551,12.0,22623791104.0
ON,1.1093204365904366,1.3803570062370063,286.3409563409563,0.454637873457033,76335.59875259876,0.1593470544660341,481,77.32980938866025,0.46040901494463676,5903017.301107713,1.0961499,25.0,35933507584.0
ORCL,0.8216689626556016,0.662745643153527,217.19502074688796,0.4028106333330395,58801.116182572616,0.1853485501546121,482,117.42303495861235,0.30920497624815346,6904605.52111165,0.43943,41.0,362478469120.0
OTIS,1.2283860995850622,0.5197405394190872,62.08921161825726,0.43844092932409046,9920.979253112033,0.2336440525349827,482,85.74396834600539,0.18592778575026295,850664.1310402143,0.94415003,12.0,27017449472.0
OXY,1.5341502904564315,2.051698340248963,68.84854771784232,0.7493224067807954,16487.207468879667,0.2544093099416803,482,56.988021945045105,0.25092927396381365,939573.341049026,0.55261004,23.0,57191493632.0
PAAS,6.364032100840337,6.019682836134454,10.380252100840336,0.888262416477786,5361.628151260505,0.5069051766333502,476,17.03255205790202,0.4383596873864068,91322.21060145751,0.61042,8.0,19082942464.0
PANW,1.2972363485477179,1.2365903734439834,758.9709543568465,0.08732198941308097,169352.4419087137,0.111329941640285,482,136.14960938953217,0.4063040630515975,23057268.815034807,0.85262,50.0,273253203968.0
PATH,3.3927630688935286,2.7092226513569937,24.37787056367432,0.8758822658255689,14403.903966597078,0.4286092308742051,479,16.478342830113004,0.5895155051335801,237352.4676536112,0.83352995,16.0,5543886848.0
PAYX,1.32886558,0.6241884,202.008,0.27779839643006926,39200.312,0.18260545288174457,500,112.14885765438989,0.20723671433344135,4396270.210495671,0.87878996,14.0,39388319744.0
PBF,2.497273029045643,3.7257639004149374,58.344398340248965,0.42453274569663074,11502.373443983402,0.23504256280676766,482,38.72030640011742,0.43129695319977773,445375.4240796112,0.86206,13.0,7610783232.0
PBR,2.7218653347280335,3.19363629707113,12.638075313807532,0.9504951166014461,25074.441422594144,0.4694071929506694,478,10.482759032476515,0.34355515905685724,262849.32730700204,0.21767001,13.0,121734078464.0
PCAR,1.1834196265560166,0.856693734439834,165.00207468879668,0.42236289966817475,34884.35477178423,0.1895141015310278,482,84.79296239217122,0.24414651796211181,2957947.782239059,0.78194,16.0,69001388032.0
PCG,3.6566983783783784,3.1266464864864867,15.415800415800415,0.9517397525565489,20473.70686070686,0.4415826098516229,481,17.201538118634904,0.19871874706323173,352179.248994206,0.99044,16.0,39882289152.0
PDD,1.2565554771784233,1.0720598547717841,660.0663900414938,0.3125804933771226,246878.0643153527,0.1173459341129769,482,108.12777133033389,0.5541307949386166,26694374.88476592,0.32397997,34.0,118981705728.0
PEG,0.9588553112033195,-0.7132703526970956,30.112033195020746,0.6374411646689976,6094.877593360996,0.3840091097420704,482,62.84816903977167,0.191869665587488,383051.8972642686,0.78373003,19.0,39656419328.0
PENN,2.440025488565489,1.1751028482328483,38.642411642411645,0.8085795610992375,19706.604989604988,0.40941160526678205,481,23.012228609720864,0.508557305784321,453492.89914225583,1.0569999,19.0,2803412224.0
PEP,0.3735840456431535,0.37085765560165973,221.71576763485479,0.44325776869807604,47329.15767634855,0.15879085532743242,482,158.1585878499349,0.15529056555206927,7485512.742218193,0.83223,22.0,185297895424.0
PFE,1.226795695652174,1.1528895652173914,36.332608695652176,0.9292926052751868,32422.778260869567,0.34185933409293645,460,28.113079336257208,0.23224945702456765,911504.1375497016,0.69571996,26.0,141460209664.0
PFG,1.6981397095435684,1.0395508091286307,93.65560165975104,0.38170021678940946,19252.94398340249,0.26649148917060894,482,72.50336450485956,0.23785025070204402,1395903.2154202734,0.81005996,12.0,23383341056.0
PGR,1.1784659667359667,1.3778381081081081,198.9189189189189,0.17633016006579874,36984.051975051974,0.1534677451139764,481,163.7399674333845,0.25238849724011886,6055767.46594961,0.90573996,21.0,118919553024.0
PHG,5.0442295077720205,3.854173549222798,4.308290155440415,0.886271206734954,1626.3316062176166,0.7467749506457315,386,20.695919125874838,0.3753505246729823,33658.42739413391,0.05552,5.0,25533984768.0
PHM,2.202053838174274,1.36312989626556,128.83609958506224,0.31180055949975594,20868.759336099585,0.20726146553975713,482,92.0242746407645,0.3030652230289376,1920432.4405572466,0.97150004,13.0,24144144384.0
PINS,2.447521161825726,3.465833589211618,59.983402489626556,0.8239672003760324,33194.35062240664,0.3242663274047663,482,31.06558095296224,0.4405203089628293,1031201.7864413859,1.16012,36.0,12625946624.0
PLAY,2.5980120746887967,1.9723991078838174,80.88796680497926,0.40860000117582673,19663.265560165975,0.23094745255086527,482,41.5946285429455,0.5010283962072476,817886.2269163969,1.1115,7.0,355192576.0
PLD,0.7093947095435684,1.345808112033195,159.53526970954357,0.2603633538807506,31086.309128630706,0.15074243622228545,482,110.2232217843192,0.25513896445657186,3426433.1455409685,0.98133004,14.0,138057695232.0
PLTR,2.130494585062241,1.4420995435684647,123.14315352697095,0.8278300118482668,108241.10580912862,0.28865863158618865,482,22.90411426180885,0.6637745883361497,2479166.655276824,0.64392,27.0,298633166848.0
PM,0.8745809751037344,0.6080952697095435,72.41701244813278,0.5333145747597955,14308.831950207468,0.24522515710571072,482,91.92100786481585,0.1816104930675531,1315282.254231349,0.84122,15.0,302827995136.0
PNC,1.120998838174274,0.9147423236514522,216.95228215767634,0.16952961316570025,39329.927385892115,0.1611601381656508,482,137.58661756243023,0.27920041679713553,5411271.67800089,0.86228997,20.0,100751491072.0
PPL,0.15738590233545657,0.680104416135881,9.9171974522293,0.9317847765283395,5280.995753715499,0.5759649542348203,471,25.962867885771253,0.1739800770130689,137109.79505903448,0.89061,15.0,27159846912.0
PR,2.681687282157676,1.272279834024896,12.58713692946058,0.9333803204193918,9568.315352697095,0.48171340129866536,482,11.958976244245257,0.3945578138855127,114427.25600035173,0.89969003,19.0,18436872192.0
PRU,1.5917754979253111,1.5459076348547718,69.23858921161826,0.36554426376887156,9264.03112033195,0.20945764842198558,482,92.31137150355748,0.23535613555168236,855175.4183694805,0.64708,15.0,41279590400.0
PSX,1.2102719087136928,1.1078229253112033,169.53734439834025,0.28619960798987,28662.153526970953,0.1614933698693218,482,112.33439790271578,0.2716460458281904,3219745.7590474836,0.80851,18.0,84761673728.0
PTEN,4.622919625779626,5.436998544698545,24.18087318087318,0.9059766585268241,22963.83367983368,0.48712583787720265,481,10.465551953088669,0.4546612530680272,240329.1944183867,1.17392,14.0,4069501440.0
PTON,7.054354543568465,6.028569834024896,26.33195020746888,0.9155111323315067,43196.29875518672,0.4732283162502442,482,6.818485726401919,0.8578548234297353,294533.3464956336,0.89558,16.0,2710529536.0
PYPL,1.1311448962655604,1.194946929460581,171.34647302904565,0.6880704372521971,72434.76763485477,0.234759366887611,482,67.60889378138951,0.35108963636700036,4897234.511104527,0.81999,33.0,48965672960.0
QQQ,0.009491075697211153,-0.08513683266932272,206.65139442231074,0.5900379844080959,167707.99601593625,0.18974023591127537,502,395.2826155889602,0.1821884189900479,66292055.320362195,,,
QQQM,0.42744115281501344,1.1489072117962467,5.721179624664879,0.4912643712755035,2414.9008042895443,0.7452986840817755,373,162.49921968005953,0.181881738412246,392419.4963017991,,,
QTEC,2.0576178172588833,3.671244137055838,3.8248730964467006,0.187229156635424,1463.1294416243654,0.7158404695854972,394,162.14052183605375,0.24258331222877622,237232.57117866856,,,
RBLX,2.556014149377593,2.474783132780083,106.41078838174273,0.6285885471648256,36623.964730290456,0.25812303366253075,482,39.29291425795782,0.5657079860902987,1439062.3059337742,0.82881,31.0,35541184512.0
RCL,1.7758202282157676,1.451349398340249,217.2219917012448,0.21419055112210092,41516.85684647303,0.14663943720921957,482,119.54110060918899,0.3523344571412472,4962970.761261528,0.90505,27.0,76663537664.0
RDVY,2.2717960606060608,-0.5906990151515153,1.8181818181818181,0.6801631820499051,851.219696969697,0.9311038398322309,132,49.36847915649414,0.16477751592555456,42023.421867445744,,,
REG,1.2630810187110186,1.7779127442827443,56.95841995841996,0.47593331768020575,10761.659043659043,0.2687315546300013,481,57.76859383719308,0.20264258014896658,621685.9103074949,1.04664,19.0,15369793536.0
RF,2.8152267573221756,3.213462217573222,19.192468619246863,0.9223717697995447,13777.338912133891,0.49946126556931697,478,17.99253513517834,0.31521454488368805,247889.25444582876,0.86300004,20.0,26335293440.0
RIO,1.0918859707724426,1.6188091858037577,19.02087682672234,0.8020618119938133,5445.006263048017,0.47290693636399406,479,57.29081511724563,0.24733413420109832,311948.84712852846,0.10459,8.0,150070558720.0
RIVN,2.8354351867219916,2.0556208091286305,112.47717842323651,0.8376666573817523,156173.51452282158,0.3753780648222728,482,15.797190457298642,0.7612772281123241,2467102.753302708,0.37103,26.0,24865792000.0
ROKU,2.1866431120331953,2.2253874688796684,400.9253112033195,0.2673900996337826,115298.34647302904,0.12860834601157364,482,68.74102866763161,0.6374412669752018,7925726.940233012,0.87608004,21.0,21224796160.0
ROST,1.3612355186721994,1.2882402074688797,227.0746887966805,0.32203561804746583,47309.92323651452,0.1576325244878656,482,125.51105019705636,0.20867665162747198,5937918.150157058,0.97129,17.0,76413263872.0
RRC,-0.3615479253112035,4.000346390041494,28.520746887966805,0.6915522848524733,7388.941908713693,0.35436685477961843,482,29.998176505679176,0.3748420881126678,221654.78356780336,1.00649,22.0,9055081472.0
RTX,0.8362233817427386,0.9407725933609958,91.95435684647303,0.5879109926018536,19544.053941908714,0.25938798231811616,482,94.12414637974331,0.20810450561425217,1839567.3940818151,0.81358004,22.0,262441664512.0
RUN,2.8344246153846155,3.392699792099792,62.36174636174636,0.8392812637707958,42607.02702702703,0.34764868372312635,481,16.360657117934455,0.8297579515183908,697078.9600037554,1.1317,19.0,2612114688.0
RY,1.6822140476190477,1.0978218181818182,10.316017316017316,0.3785316072947147,1090.6320346320347,0.5369698635156835,462,95.08609438941592,0.16643802335147345,103703.94058914238,0.49344003,3.0,293844090880.0
S,3.9044711666666667,6.0843828124999995,35.46666666666667,0.7696592093159226,15202.747916666667,0.3875200260221219,480,20.020209488641648,0.5895650569724598,304362.19809467706,0.84832,31.0,6221804032.0
SAP,1.1950386070686072,1.9251699168399168,62.78378378378378,0.2367871278478796,10994.357588357589,0.22457579990634194,481,160.6505449131557,0.23349853301739587,1766249.537539735,0.07912,12.0,175366193152.0
SARK,5.184387810945274,5.350123781094528,7.281094527363184,0.5978670407438327,2828.042288557214,0.6213968228329545,402,78.33998285202753,0.50848993445196,221548.78439038084,,,
SBS,-0.35450901015228425,0.05712761421319831,3.4619289340101522,0.9277816480002817,2126.068527918782,0.7448543375074059,394,2.5486068305515106,0.32211767949918474,5418.5127724744025,0.11309,5.0,20444821504.0
SBUX,0.5693946058091286,0.44357172199170125,142.70539419087137,0.6381648507190947,59105.421161825725,0.2572176218559691,482,89.3037379818871,0.3045522661666975,5278335.044744769,0.88879997,31.0,118506004480.0
SCHW,2.1429673443983406,2.4401381535269713,120.42323651452283,0.6319102749638202,48806.257261410785,0.27930971794557885,482,63.92817398071289,0.3427509350430478,3120094.9055549004,0.8865,19.0,175304867840.0
SCZ,-0.6559990490797544,4.435479662576688,4.404907975460123,0.8522546294114794,2667.60736196319,0.8472883827850664,326,55.62468364897229,0.14085266856201928,148384.81560887196,,,
SE,2.828704322709163,3.167118406374502,178.27091633466136,0.3515426141728272,52471.96613545817,0.16434568213513293,502,65.19849535987491,0.5472286764212448,3421093.240606183,0.69718003,28.0,64237375488.0
SHLS,6.04722360721443,5.9765151503006,63.8436873747495,0.7469748796926212,28178.412825651303,0.36976559972992,499,15.05319046928769,0.6577779622638447,424175.0153867482,1.20806,19.0,1749860224.0
SHOP,1.9142990041493777,2.3084887551867217,177.61825726141078,0.47893703193630643,54409.44813278008,0.19594999091015786,482,66.12278089977445,0.5563973651243198,3597704.0177614596,0.75704,46.0,153668255744.0
SKYY,2.5508979322033896,4.162166101694915,3.5864406779661016,0.27044701630597295,1073.0576271186442,0.7929683082071873,295,84.89331439063663,0.24055801348006994,91095.4184982536,,,
SLB,1.8639978838174276,1.5045142738589212,48.232365145228215,0.8092803007769273,18099.5622406639,0.33749830717214657,482,46.500640789213634,0.30838909206822046,841641.2421951267,0.93319,29.0,71269392384.0
SMH,0.3522657676348548,0.1314604979253112,159.03941908713693,0.3892067850135804,62350.79668049792,0.2300473244037102,482,181.88880612327938,0.31467841858238704,11340911.969051098,,,
SNAP,4.144028734439834,4.385480373443984,40.024896265560166,0.9165936856949,57866.748962655605,0.372063762396603,482,11.606171420869373,0.6223027427536224,671611.408028996,0.46778,36.0,7407508992.0
SNOW,2.2006022199170125,2.4944012033195024,542.1908713692947,0.10872154566753496,123903.17427385892,0.10701922902653035,482,155.07653331938243,0.5452420166021272,19214474.73365733,0.76556,48.0,92819472384.0
SNPS,1.755800041493776,1.8009722199170126,407.6618257261411,0.028830005745740673,56846.65145228216,0.13167287365604236,482,480.7578293573289,0.3240267053828993,27329472.75843182,0.93593,25.0,72304508928.0
SNY,0.7590580873180873,0.2292768191268192,26.904365904365903,0.7503824320441044,10130.575883575884,0.39388475056232297,481,44.33897455124628,0.25020676035987754,449179.3462913404,0.088640004,9.0,104823144448.0
SO,1.3333822821576762,-0.6077082157676349,27.13278008298755,0.71861309653659,6212.941908713693,0.3693073496947525,482,68.27610289800735,0.17861200446968192,424195.4610586783,0.726,19.0,107995447296.0
SOFI,5.18225192,4.80379858,34.854,0.9316846281326705,128959.036,0.534433142861162,500,7.969485700698126,0.6078886703315047,1027737.1933778148,0.57028997,19.0,21896392704.0
SOXX,0.6731832572614108,0.7742158921161826,111.42116182572614,0.17206304240838302,34404.825726141076,0.23224118952010328,482,183.5675823683966,0.3173390782570812,6315610.680353732,,,
SPG,1.7642415352697096,1.5122727178423236,104.2116182572614,0.17200201166707182,15556.547717842324,0.19198028004684697,482,120.39552033923921,0.23053841146207324,1872938.657171831,0.94904,19.0,85958991872.0
SPY,0.044498784860557763,-0.03536904382470119,304.8406374501992,0.6172279513718238,216430.0796812749,0.16492720375375153,502,466.5773836844308,0.13101141530163415,100981380.32830213,,,
SQQQ,1.6758109691629957,0.8836355286343612,17.98237885462555,0.9059071171862298,97816.45814977973,0.5641915366488399,454,378.3047173781622,0.5449178178759374,37004427.55528525,,,
SRE,1.7563812448132778,1.2597505601659753,83.75726141078839,0.3599749794312887,13988.309128630706,0.23978582044120586,482,70.40139465332031,0.1903744756526675,984796.4714973735,0.93698,18.0,60827475968.0
STLD,1.8392869,1.71587686,242.066,0.15592069808580525,45162.674,0.16247301921822282,500,113.68333615257626,0.3451346104047649,5134243.449891216,0.86912,12.0,34414940160.0
STM,-1.8471584728033472,-3.225449330543933,16.548117154811717,0.8563868247104308,5345.68410041841,0.5162878289204429,478,40.01347787039621,0.3612375207823232,213899.4124542209,0.13294,13.0,58673688576.0
STNE,3.5331025726141077,3.369314294605809,23.744813278008298,0.8975390050469789,21144.010373443984,0.4777388818059203,482,10.43823044459025,0.4709823742029702,220706.05280081506,0.81098,16.0,2763072512.0
STT,1.562819315352697,0.5658559958506224,78.91078838174273,0.4294087470521571,14707.560165975105,0.23407844588361162,482,71.9017145138695,0.26597620494124524,1057498.7922495012,0.96666,14.0,50885902336.0
STX,1.760868713692946,1.6219358091286307,202.69917012448133,0.34376595263931603,53848.800829875516,0.18121822780815053,482,75.87116817656018,0.3313068566711029,4085571.423869578,0.90735,23.0,203622334464.0
SU,0.4379494758909854,-3.5330667085953875,9.626834381551364,0.8838627801145694,4259.002096436058,0.5471225785403904,477,31.76666011991955,0.2804728970231071,135294.2720475091,0.75157,3.0,76417835008.0
SUZ,3.616855257142857,5.8479394000000005,3.585714285714286,0.942186408184469,2866.6257142857144,0.7663264389052389,350,9.599048483712332,0.2951986887292115,27516.879216085068,0.08545,5.0,10431413248.0
SWKS,1.2028074273858922,0.8076153112033195,246.1701244813278,0.24519890282603654,45601.269709543565,0.15834232880834265,482,93.16745089576358,0.3361195584971672,4248554.056448371,1.14956,16.0,9499640832.0
SYF,4.225862203742204,5.021837858627859,35.817047817047815,0.7816157144972656,11438.191268191269,0.3948500924991171,481,38.34850848606654,0.3375059248280414,438637.5749134851,1.07893,23.0,23685091328.0
SYY,1.5977213485477177,0.8082336514522822,55.022821576763484,0.5563878898766152,9802.350622406639,0.26933000676460556,482,69.52696425664992,0.1868769414584334,681527.6813552164,0.89649004,14.0,39268356096.0
T,1.7099357172557172,1.55008604989605,17.03950103950104,0.9684653262366653,28617.966735966736,0.46722643679550535,481,15.751271698361352,0.23773948682474785,450769.36951287946,0.69251996,23.0,160089735168.0
TCOM,1.893911286307054,2.3191912863070536,72.52904564315352,0.706839795313595,32138.948132780082,0.33962229673490313,482,43.02746285211472,0.4045471925622077,1382857.3968892368,0.25566998,29.0,26812850176.0
TD,1.3762082079646019,2.0365938053097343,13.65929203539823,0.7327549099870847,1950.4800884955753,0.6090859645661093,452,54.481749180385044,0.195759555680457,106265.56696275115,0.54995996,3.0,200393785344.0
TDOC,3.840677337526205,2.3215086582809223,22.67295597484277,0.8228039651353937,7251.033542976939,0.4315257083427873,477,17.988133336930048,0.5702134886848582,130432.55820162148,0.83691,19.0,1610176768.0
TEAM,2.325495560165975,2.4496892116182574,420.4688796680498,0.07575622199606123,97914.74481327801,0.13113680365889455,482,185.19750497000558,0.5046657058610744,18133566.439193882,1.10559,30.0,21671776256.0
TECK,2.0924361746361746,2.6660015384615385,46.66320166320166,0.6145472812297014,15445.330561330562,0.3345430421136783,481,41.940284031459264,0.39451744688704266,647781.5507019819,0.76443,4.0,28026853376.0
TER,1.4891540663900413,1.137384460580913,286.91078838174275,0.18237670299471775,49422.28423236514,0.14694846592954905,482,109.23752232142857,0.3874553405322957,5398767.877008975,0.98102,17.0,57836064768.0
TFC,-0.13179629937629947,-0.8022668191268192,39.60914760914761,0.8477960941605702,17516.390852390854,0.39415742849045854,481,33.20191545395624,0.35172109286177333,581577.7281395335,0.78716004,19.0,63194710016.0
TGT,1.2337344190871369,1.3735807468879668,297.12240663900417,0.2275521098317054,64562.585062240665,0.13425974618516864,482,132.4202116466704,0.33926174040576457,8549391.178398069,0.87533,34.0,62642036736.0
TGTX,4.175151348547717,1.9173858298755186,70.95643153526972,0.6815905105689269,29646.25726141079,0.31965940076449173,482,18.300076159522646,0.8654765932695068,542528.7657286187,0.70267,8.0,8064443392.0
TLT,0.35170321576763486,0.3361817634854772,68.61410788381743,0.833639010442999,130685.10580912862,0.32513453296990635,482,86.50490046909877,0.16598145625749974,11304902.070812313,,,
TME,5.077262276422764,6.278051382113821,14.075203252032521,0.9327642636083798,14208.58943089431,0.5298791552435937,492,9.214907861437116,0.49817209525920236,130930.84244668028,0.60675,28.0,14375264256.0
TMO,1.2455691286307053,1.4768657676348547,335.8838174273859,0.03518199096980187,53641.3112033195,0.15034175995184998,482,544.8811284528459,0.21457740780455042,29228138.180155016,0.9391,26.0,195643850752.0
TMUS,0.5962901244813278,0.5056622199170124,321.64315352697093,0.36232373057716655,84943.34854771785,0.14128526248125026,482,158.60108911423455,0.1813862644875521,13472107.592678085,0.4626,26.0,206636154880.0
TOST,1.1527370954356846,-0.28355373443983395,42.69294605809129,0.7980210410473284,19919.219917012448,0.349927857077827,482,22.803885701497396,0.5459280323309086,454235.6142505423,0.89458,26.0,16941799424.0
TPR,2.918770416666667,1.6252829375,36.52708333333333,0.7294222255384759,10504.397916666667,0.35413923279811665,480,39.30679696945917,0.340179737405219,412894.23619682656,0.98597,20.0,29039886336.0
TQQQ,0.035396120331950234,-0.26892425311203305,27.452282157676347,0.8835715515204513,66438.32157676348,0.34016587151043254,482,24.13956758953276,0.5428301688739011,1603792.3542373949,,,
TRIP,3.8714150000000003,1.6203891493775933,20.956431535269708,0.8687531702062699,10607.61825726141,0.4781578155408683,482,18.472723813738142,0.455422925357641,195951.60238795634,1.13455,15.0,1610438528.0
TRMB,2.2306866182572613,2.396097987551867,64.83195020746888,0.4777532227219323,14536.56846473029,0.2622364860920208,482,55.21367614746094,0.30583913542966246,802617.3835070117,0.98666,11.0,11678886912.0
TROW,1.522943174273859,1.1675098132780084,185.7966804979253,0.20997396094942503,34160.896265560164,0.17499018945847475,482,97.98776255289714,0.2644280525193713,3347349.79186386,0.90025,12.0,24857069568.0
TRP,0.5806209110629068,-2.2599514316702822,7.7960954446854664,0.8139149641082252,2381.0976138828632,0.5948513592200619,461,36.19457605634417,0.21812588185572088,86182.81868326291,0.76119006,3.0,72767414272.0
TS,0.7389010677618072,4.971808685831622,11.09034907597536,0.8631506535198332,4425.977412731007,0.552585004680837,487,29.78091113862537,0.29482031645519924,131809.64003010513,0.08106,12.0,29436047360.0
TSLA,0.21929039419087137,0.22010603734439835,5362.309128630705,0.22189633954376198,1846406.2157676348,0.053733806184061886,482,221.87786661783855,0.6024973867830566,409676672.0644393,0.45904,38.0,1404678307840.0
TSLL,-0.1767760097323599,-4.792541435523114,8.197080291970803,0.8573440451488012,18481.22627737226,0.6725846412839993,411,11.199404816400437,1.0569071169235122,206978.73458378922,,,
TSLQ,4.619045882352942,5.6924624836601305,12.485838779956428,0.5704124822808285,4994.782135076252,0.5180518242886234,459,505.8960443333217,0.8498286339775665,2526840.524441819,,,
TSLS,5.833567338709678,8.409972217741934,2.9596774193548385,0.7320711779765248,2719.8790322580644,0.8248051858355722,248,209.62960635230655,0.6040262704768953,570167.1708581506,,,
TSM,1.0967903319502073,0.9515819709543568,391.844398340249,0.3886491398550983,115622.73236514523,0.16370804418035959,482,121.26325320289249,0.3570512088075264,14020788.670804879,0.15549,18.0,2184594718720.0
TSN,2.2221411203319503,2.2532115560165975,28.491701244813278,0.6196329931654327,5647.5248962655605,0.33849498517113014,482,52.06599244617281,0.24464179174642411,294043.9885885355,0.92114997,12.0,20092504064.0
TTD,1.4789900199203188,1.2618333466135458,301.0717131474104,0.3195916716591101,83305.6593625498,0.15089785214756687,502,82.02912384033203,0.5010829687321363,6833490.248451114,0.89022005,30.0,8264504832.0
TTE,2.0160930769230774,1.4520772141372142,27.81081081081081,0.5936292935166326,7815.844074844075,0.3253267876622775,481,56.51246970767067,0.2148987525161959,441692.6515195031,0.57553,8.0,188524707840.0
TTWO,1.4975154979253111,1.4132579668049792,308.2136929460581,0.15953677220431528,60487.38589211618,0.15259975227997735,482,144.4530093383789,0.2637111562477247,8737584.919127988,0.95672995,29.0,43368017920.0
TWLO,2.331907987551867,2.334896680497925,146.26348547717842,0.339135323910698,30451.64937759336,0.16793721808339623,482,64.68479992094494,0.45093961259199644,1969758.847252394,0.94027,31.0,27832291328.0
TXN,0.6073616804979254,0.4451117427385892,578.7738589211618,0.23534489415773135,132858.46680497925,0.11978760697144737,482,165.92152820405505,0.25570345485168644,22044079.847129878,0.94822997,31.0,267740200960.0
U,4.043053630705394,4.992833547717843,95.18672199170125,0.6599285969688125,40685.8091286307,0.24609274906251305,482,28.292133298601424,0.6461831053056771,1151088.3352286746,0.82252,22.0,12777379840.0
UAA,4.112537038539553,6.525167931034482,9.460446247464503,0.9558014158649475,9841.381338742394,0.5653451198011443,493,8.193485717773438,0.48647902298750406,80635.21744214784,1.11142,19.0,3095118848.0
UAL,1.1746753319502077,1.0792477800829874,108.10788381742739,0.6803642088433538,42563.3734439834,0.2942531234432358,482,50.979847542898995,0.40757483537325756,2169874.2890857495,0.89254,23.0,38059048960.0
UBER,1.3227284439834026,1.0507534854771785,154.2240663900415,0.7396102950524848,68032.67842323652,0.2336598158451635,482,55.15049531482515,0.381999102329014,3752035.9126357115,0.86039,48.0,143163686912.0
UHS,2.4874343983402487,2.9742535477178427,110.74688796680498,0.08220111869092732,14949.732365145228,0.18919595743366424,482,161.1069924054827,0.2667620429334351,2408506.4186154515,1.0117401,17.0,9040498688.0
UL,3.2153355434782607,2.164776,6.991304347826087,0.9098418152423019,3068.3608695652174,0.6404339253500884,460,55.052490699404764,0.14954074063676753,168920.90823415664,0.11497,4.0,133132320768.0
UPS,1.0934469294605809,1.0121558506224066,259.32572614107886,0.2341832409520703,49639.914937759335,0.14231288139849071,482,134.70091754731678,0.2518097076749445,6686542.089086939,0.70791,26.0,98464727040.0
UPST,3.1324758091286307,2.9276302697095438,277.0663900414938,0.3344270362559002,104154.1887966805,0.1600879803825162,482,32.02444766816639,1.058728215452496,3335480.3685396165,0.61659,15.0,2741179136.0
USB,0.3937226141078838,0.8111964315352698,34.939834024896264,0.8782656110914684,15869.902489626556,0.37586921521046596,482,36.48219316755022,0.33199717255061284,578968.8481767422,0.8532,22.0,100426964992.0
V,0.7143292738589212,0.7374587136929461,353.07053941908714,0.20846337470920692,61784.16182572614,0.12762113650990128,482,251.17525097074963,0.16329814444979898,15518652.352594173,0.91606003,38.0,672114278400.0
VALE,2.4644721848739497,3.5962384243697483,12.426470588235293,0.9605989063017685,35812.02731092437,0.522882280724647,476,10.628633358365013,0.3014457925363036,380632.9081075697,0.21534,25.0,63198076928.0
VCIT,1.4174265720524017,3.437297270742358,8.576419213973798,0.9097524860172473,11624.42576419214,0.6287819826430429,458,70.91493631998698,0.0669384034722446,824345.4128241015,,,
VFC,1.9130348434237994,2.6684519415448853,25.75991649269311,0.8836959033694356,13055.870563674322,0.381193914258924,479,17.801411577860513,0.5555534332063091,232412.92541124034,0.91367996,21.0,6736598528.0
VGLT,3.264801008902077,8.487267893175074,2.658753709198813,0.8228752978554313,3325.682492581602,0.7747516433040947,337,53.855313597179595,0.1512652794353235,179105.6735626321,,,
VICI,2.341473152400835,2.9972389979123175,15.208768267223382,0.9071542416838446,7047.655532359081,0.4726032130665884,479,26.66585315159389,0.1885438844475405,187931.7474889055,0.98684,24.0,29266710528.0
VNO,2.936422993762994,0.77353158004158,26.66320166320166,0.6767001817376053,6354.656964656965,0.39608369698454926,481,24.832654240926107,0.4873506874711039,157802.9992230194,0.96849,13.0,7886540288.0
VOD,2.663686766055046,2.4710375688073394,4.777522935779817,0.9729637921495655,15780.243119266055,0.758933860029587,436,8.141736234029134,0.25914635309157086,128478.57718591735,0.08647,4.0,35715739648.0
VONG,-1.4360659999999996,-0.4474972653061226,2.236734693877551,0.6313787017061921,1043.3469387755101,0.8491551821159368,245,77.46037419637044,0.16903276692214766,80818.04429418861,,,
VRTX,1.327481307053942,1.2248575933609958,412.9066390041494,0.04368756138572003,67696.04564315353,0.13236342386769248,482,391.4772385951451,0.2481225936888184,26501461.012192644,1.00037,23.0,119940833280.0
VST,1.7731874576271187,0.20278652542372852,156.01694915254237,0.40171116528148304,43826.65677966102,0.31590556527752506,472,57.005664451235816,0.4531530234219823,2498367.690400835,0.91321,18.0,56221806592.0
VTRS,3.6715011670020123,3.7890829376257544,16.020120724346075,0.9494892039018136,28371.006036217303,0.5166575057281503,497,9.827461515154157,0.27472378336050907,278814.96996713185,0.88214993,8.0,19809042432.0
VTWO,3.9231119634703195,2.975560913242009,2.365296803652968,0.7088472485768361,2402.7214611872146,0.8412140604288946,219,76.62942493983678,0.2042077608350051,184119.1638613806,,,
VXUS,-0.3574109764309763,2.6266649494949497,7.481481481481482,0.8340507444027672,7857.023569023569,0.8485458197984779,297,53.348458796909874,0.1300357071326234,419160.0981384036,,,
VYMI,0.31340991999999995,0.21781520000000001,3.024,0.4604480535669601,1543.112,0.8000126256239364,250,58.876432153610956,0.12561099097123582,90852.92897342291,,,
VZ,1.1921271161825726,1.1840469709543568,27.29045643153527,0.9279464865745849,16315.983402489626,0.37488242204863564,482,32.52548791067941,0.21969499862259723,530685.3209085222,0.70392,23.0,184935514112.0
W,2.9732076970954355,2.143176991701245,267.12033195020746,0.2575957914351186,73480.87344398341,0.12418955313284792,482,51.76628568740118,0.7508784672149952,3803831.887261016,1.13943,27.0,11127305216.0
WBD,2.470921991701245,1.9305234024896267,35.933609958506224,0.9318789259459773,77065.47717842324,0.4391200081390582,482,10.61973330815633,0.5180359432910583,818414.8149006629,0.77459,12.0,64809488384.0
WCLD,0.747427537313433,0.4830380597014926,3.138059701492537,0.6572805300406368,2429.5522388059703,0.8394640976536875,268,31.474634268624442,0.2810140904144983,76469.26815293562,,,
WDAY,1.4848133264033263,1.5948441164241163,447.2432432432432,0.0907884811750695,102301.11434511434,0.1370948319519906,481,231.17230486188615,0.3205800304341644,23649184.393099446,1.0992199,40.0,32704227328.0
WDC,1.839273651452282,1.31310112033195,136.45850622406638,0.5624901056652131,52254.585062240665,0.26409425744714254,482,39.770879843575614,0.3886409601436862,2078210.8237862745,1.0311799,24.0,191874203648.0
WELL,2.0410907468879667,1.2981434232365143,101.31327800829875,0.34443261614062415,19648.703319502074,0.20098517189410967,482,89.33811345418295,0.21856923928133834,1755378.0863852573,1.02542,22.0,172977274880.0
WFC,0.600671846473029,0.8807986721991702,51.385892116182575,0.8593883945597746,26164.265560165975,0.3025974610972479,482,47.810146680559434,0.28070561390552534,1250917.3742206448,0.79486,23.0,261724291072.0
WMB,1.8868133195020746,2.62953979253112,17.66182572614108,0.8972901899738533,7698.224066390041,0.4617973289999529,482,34.5485628146217,0.196878029026744,265962.5777187088,0.89105004,22.0,91101134848.0
WPM,1.795528091286307,0.31029925311203327,23.46058091286307,0.5677723491350837,3943.4066390041494,0.3931993938621747,482,48.73891421363467,0.2950680939012255,192197.35788790067,0.71753,10.0,50571370496.0
WY,3.328807828810021,4.595144425887265,10.693110647181628,0.8791807564766341,3628.8726513569936,0.4977812261858637,479,29.054819902692522,0.2309113665113144,105436.24133498376,0.92929,11.0,17175235584.0
WYNN,1.729588174273859,1.9922166182572614,219.22821576763485,0.26866023364462316,48247.34854771784,0.15955113841953167,482,93.27575519380116,0.3140624687666095,4500307.871886928,0.7279,19.0,9794354176.0
XEL,0.8171723700623701,0.7692690020790021,44.2993762993763,0.7536261158405438,16532.297297297297,0.38133757583078176,481,56.682731192452565,0.20601691913978395,937095.7636964127,0.96332,18.0,50060177408.0
XOM,0.7706897011952192,0.787827390438247,114.41633466135458,0.6566985588028587,32759.496015936256,0.221662215274332,502,102.02030154273623,0.22370418493704097,3342133.661933883,0.68425006,21.0,640187105280.0
XP,2.512729377593361,2.149641929460581,35.516597510373444,0.8532991179083633,30379.516597510374,0.4362763447834269,482,17.86747910090855,0.4691879867210525,542805.377901721,0.83857,13.0,8938519552.0
XPEV,5.986259640718562,7.103360039920159,36.54291417165668,0.8683875455488544,26870.704590818365,0.35105793701301097,501,11.30390475772676,0.7739216257427699,303743.885467622,0.114479996,26.0,12292228096.0
YUM,1.0863372406639005,1.8801839834024896,116.23029045643153,0.27543857753575396,18005.458506224066,0.17726977883694367,482,126.058965570359,0.16032326890505708,2269749.4739146275,0.89439005,21.0,40673423360.0
Z,2.122437824351297,2.0037369261477047,147.05988023952096,0.43802420685889054,44085.9500998004,0.1865202930585263,501,50.46030472165062,0.47690048828069,2224590.475979412,0.96686995,6.0,7175224832.0
ZG,2.7596967012448133,3.0203720746887965,66.40041493775934,0.27074758220079814,11900.520746887967,0.23312408369819757,482,49.11527619498116,0.4853340035600497,584497.363347506,1.0545601,22.0,7172936704.0
ZIM,5.194327258064516,6.925381028225806,46.96774193548387,0.6276152977026046,19042.552419354837,0.3715392836227432,496,9.376187337239584,0.7240162215309947,178546.5388630758,0.53636,4.0,3014196736.0
ZION,1.7419456016597512,1.9301727593360996,93.93775933609959,0.5422191833867567,30631.52489626556,0.28540770735556314,482,38.221296957106816,0.5148361908150456,1170776.6093091764,0.80928004,21.0,10225946624.0
ZM,1.4624855394190872,1.4793217634854772,204.20539419087137,0.43064880158239033,51373.5643153527,0.17644412734412085,482,68.11703819638207,0.3459693510827154,3499415.0427531707,0.78457,26.0,25162256384.0
ZS,2.210575062240664,2.0870144813278007,465.9564315352697,0.09558060688408294,99560.07053941909,0.12229449132199496,482,167.39465730212984,0.47873319076871135,16665823.888921931,0.57827,44.0,23004794880.0
