tk,n,flow_oc,p_oc,flow_cc,dir_oc,mean_dir,frac_short
AA,938,-0.020337781345817152,0.533866489284454,-0.011096834386491663,,-1.0,1.0
AAL,981,0.12589144453941614,7.693631996318753e-05,0.15862570627943845,-0.015783375657185014,-0.9306829765545361,0.9653414882772681
AAPL,572,0.32373866284083697,2.012098161851033e-15,0.41406369494018147,0.2639184055474123,-0.6923076923076923,0.8461538461538461
AAXJ,950,-0.02645664407817656,0.41534855093331513,-0.029969421915135953,0.061907149849026094,-0.9747368421052631,0.9873684210526316
ABNB,997,0.04536279242032458,0.15234882153046297,0.10955410035813408,0.01732358224454904,-0.9979939819458375,0.9989969909729187
ACN,946,0.005410346245363357,0.8680091354246191,0.1305179892387088,0.018347031172910377,-0.6701902748414377,0.8350951374207188
ACWI,939,0.020467357953367227,0.5310436691251642,0.05631122820084343,-0.004737659656958096,-0.6528221512247071,0.8264110756123536
ACWX,988,-0.05143615367312921,0.1061401236746428,-0.06068328783273844,-0.036295237865458796,-0.7692307692307693,0.8846153846153846
ADBE,949,0.19302824794832124,2.0344960660089148e-09,0.28352179598756555,,-1.0,1.0
ADI,852,-0.08555908848147284,0.012478931893905351,-0.05185474035115296,0.05403075841323622,-0.6619718309859155,0.8309859154929577
ADM,938,0.07129418702839595,0.02900790913286368,0.23578482195586264,0.031854491106444865,-0.8038379530916845,0.9019189765458422
ADP,919,0.004692456168374427,0.8870333695077256,0.11098957007456899,0.020867103991146742,0.06855277475516866,0.4657236126224157
ADSK,932,0.08172250798203033,0.01257063357668546,0.057250783608637786,0.011646387016346238,-0.8004291845493562,0.9002145922746781
AEM,944,0.015650705033537042,0.6310470230427246,0.011017250029950168,0.004993087836612545,-0.9216101694915254,0.9608050847457628
AEP,898,0.017972347626829564,0.5906707386929827,-0.008291425501908659,0.09613198667148887,-0.7305122494432071,0.8652561247216035
AES,942,0.10663268539487214,0.00104628283924012,0.0399008061832175,0.03668627638009564,-0.6093418259023354,0.8046709129511678
AFL,919,-0.015981972644311147,0.6284815397785369,0.07238357279356677,0.041277835394203814,0.8302502720348205,0.08487486398258977
AFRM,931,0.10308878180100721,0.0016346946617662667,0.041088597537059866,0.09411614512480433,-0.9484425349087003,0.9742212674543501
AG,999,-0.036542799970902845,0.24852220722415322,-0.0673301148456388,,-1.0,1.0
AGI,952,0.08159045357385428,0.011791458586160547,0.12740821268549998,0.04098585145643287,-0.9663865546218487,0.9831932773109243
AGNC,952,0.2011800077678092,3.7692091284031137e-10,0.24839278621080751,,-1.0,1.0
AIG,886,-0.015396417708170284,0.6471923509708433,0.03763420780770913,-0.0038117146304411926,-0.3182844243792325,0.6591422121896162
AKAM,928,0.04490636758128236,0.1716777886767022,0.08990613685014323,0.034471536205407875,-0.18318965517241378,0.5915948275862069
ALC,940,0.10736721684333447,0.0009773356749540178,-0.07243936428219616,0.04094781643214257,-0.24893617021276596,0.624468085106383
ALGN,952,0.04326208749771959,0.1823019747080911,0.11405872630676639,,-1.0,1.0
ALL,923,0.012894631949001126,0.695622717603255,-0.024932015376372515,0.048179473579569324,-0.17659804983748645,0.5882990249187432
ALLY,934,-0.005545816131625472,0.8655903193306416,0.01985255231116553,0.0067182268272526595,-0.8308351177730193,0.9154175588865097
AMGN,965,0.039928068961739144,0.2152603224840417,-0.023199573868626155,0.062222961016608076,-0.6269430051813472,0.8134715025906736
AMT,942,-0.030664775960142613,0.34714816043539054,-0.022724484806110237,-0.08936973250613188,-0.8471337579617835,0.9235668789808917
APA,915,0.16414428472712678,5.966253332297492e-07,0.1792508053155824,-0.025898744411326176,-0.9584699453551913,0.9792349726775956
AR,937,0.06880221325238853,0.035225945206157176,0.08794021651622712,-0.00012001100153559206,-0.9786552828175027,0.9893276414087513
ARGX,952,0.054285176150477045,0.09413538134170209,-0.08339046437193974,0.057203454848132676,-0.8130252100840336,0.9065126050420168
ARMK,933,-0.04035078664237805,0.2181860264980957,0.05765855583634422,0.0032187202750129417,0.33762057877813506,0.3311897106109325
ASML,909,0.2143872782069412,6.538270243708214e-11,0.20707801964666145,0.11803776919545825,-0.5093509350935094,0.7546754675467546
ASO,930,-0.070743471238143,0.03099105077468057,-0.0892166159764006,0.041205561995032315,-0.4817204301075269,0.7408602150537634
AU,949,0.030966743953734277,0.34062659567538894,-0.15940201918731636,-0.019530818170433777,-0.9051633298208641,0.9525816649104321
AUPH,951,-0.016869184199533087,0.603363633760395,-0.012887688274367868,0.03269515720471407,-0.8633017875920084,0.9316508937960042
AVTR,935,-0.028122431501355676,0.39037318853311986,0.0332813021749063,0.004958542837426749,-0.7775401069518717,0.8887700534759359
AZN,917,-0.12219473235939342,0.00020794586817121058,-0.0030712621488295233,-0.034601781722086195,-0.8102508178844057,0.9051254089422028
BA,157,0.35617254122475916,4.689610327114206e-06,0.41459695359435805,0.1375675153243025,-0.7834394904458599,0.89171974522293
BABA,866,0.0510544316708274,0.1332954063923223,0.04692413026572028,0.025721659024207835,-0.9676674364896074,0.9838337182448037
BBWI,926,-0.08371498485614468,0.010818682727226322,-0.011429835781574117,-0.033771476385229586,-0.8617710583153347,0.9308855291576674
BBY,940,-0.09427106074523937,0.0038170914189252945,-0.05523555743958835,,-1.0,1.0
BCE,952,0.051073053779016477,0.11530472847064567,0.08128441528515924,0.004654475893170459,-0.9537815126050421,0.976890756302521
BCRX,948,0.114082092704695,0.000432516780319329,0.15101029325295506,0.0073404821370073895,-0.8776371308016878,0.9388185654008439
BCS,1001,0.09810456977568982,0.0018867044425769407,0.12434500815473482,0.01717272274514049,-0.6343656343656343,0.8171828171828172
BE,944,-0.1682790095016482,1.9866618551021805e-07,-0.24722109355219177,0.030024397910558533,-0.7161016949152542,0.8580508474576272
BEKE,977,-0.057354376473130936,0.07314804716260745,-0.2175312401253594,-0.0940334535106865,-0.9447287615148413,0.9723643807574207
BEN,946,0.01360239014041966,0.676066713737701,-0.008145624119522868,0.02980434024587235,-0.9809725158562368,0.9904862579281184
BHP,947,0.029721792265609257,0.36090951640128316,0.0834751163977143,0.018026343433724716,-0.9936642027455121,0.996832101372756
BIDU,947,-0.0527443616111629,0.10478045637520023,-0.11500399512342387,0.012632186668437196,-0.9978880675818373,0.9989440337909187
BILI,984,0.04866942251508811,0.12709362529613874,-0.02266365458111503,0.041182515734639574,-0.9959349593495935,0.9979674796747967
BKR,769,-0.05384160309016206,0.1357708012062711,-0.01913388471111604,-0.004056449375329086,-0.0377113133940182,0.5188556566970091
BLK,51,0.21282096763305094,0.13376902959399717,0.22279599564055722,,-1.0,1.0
BND,986,0.01174682131840569,0.7125731410812558,0.018535930461687798,,-1.0,1.0
BNS,951,-0.007812641805328013,0.8098532910942561,0.060884796244696074,-0.0254328561370946,-0.6593059936908517,0.8296529968454258
BP,943,0.05168433621060451,0.11271812863530636,0.02692049690626261,-0.011901435924169873,-0.5397667020148462,0.7698833510074231
BSX,764,-0.06421906883687603,0.07606721993418925,0.03329519420968579,-0.01177519562302579,0.7198952879581152,0.1400523560209424
BTI,952,0.031210930287789262,0.3360663248672292,0.10002816399997991,0.059883806696694214,-0.9789915966386554,0.9894957983193278
BUD,949,0.11739724065373738,0.00028975204643166217,0.04416446509642249,-0.029948469507799166,-0.9978925184404637,0.9989462592202318
BX,901,0.03433240326216316,0.3032837691363243,0.07438720027655193,0.0393152123082517,-0.46059933407325193,0.730299667036626
CAG,947,-0.09293987706710857,0.004203226544890106,-0.03188711771556348,-0.006513762534778591,-0.5058078141499472,0.7529039070749736
CAH,915,-0.014200923586239566,0.6679249018145645,0.02040251575076272,-0.00012111462801411367,0.5475409836065573,0.2262295081967213
CARR,912,-0.014149144396257474,0.66957590571537,0.04557234047401492,0.017901375800022396,-0.7828947368421053,0.8914473684210527
CAT,788,0.004789170444184874,0.8932240441766431,0.05975964267298763,-0.0012590758384783411,0.1700507614213198,0.4149746192893401
CCI,945,-0.03989427476650206,0.2204815679679099,0.07431624861181754,-0.004633686973470639,-0.7375661375661375,0.8687830687830688
CCJ,943,-0.047349664613274785,0.14624754085273042,-0.13052705540161597,0.0009185904467938486,-0.8409331919406151,0.9204665959703076
CCL,904,0.03653389964962751,0.27251185937921835,0.050572592731687994,0.02851095542030817,-0.7411504424778761,0.870575221238938
CEG,902,0.08388647413356352,0.011724196526651869,0.05404898367461395,0.0332385614062909,-0.753880266075388,0.876940133037694
CF,942,0.007030577683617369,0.8293784686714997,0.021691491688374778,-0.06552998997531166,-0.7367303609341825,0.8683651804670913
CFG,887,-0.033172010286677774,0.3237282806980305,0.03634195554822566,-0.030787477015917185,-0.5963923337091319,0.798196166854566
CFLT,928,-0.005880172817772981,0.8580253610291709,-0.03164942872405556,-0.013586933351216917,-0.8987068965517241,0.9493534482758621
CG,921,0.06458917696451519,0.05005010613427207,0.010266298147813503,0.03425470765639245,-0.3963083604777416,0.6981541802388708
CGNX,981,0.07232717083106208,0.023486133603000375,0.08540640948446525,-0.016189948509629872,-0.9979612640163099,0.9989806320081549
CHTR,952,0.07548405390820397,0.019843897414990014,0.172691039686076,,-1.0,1.0
CI,907,0.12224322439798663,0.0002239878943136543,0.1709905226175077,0.031009409746645903,0.06284454244762955,0.4685777287761852
CL,262,-0.03244297262134961,0.6011398204604144,0.002741365932822053,-0.04836868886982724,-0.9465648854961832,0.9732824427480916
CLF,930,0.020222848670235924,0.537929132720283,0.026114154487460545,0.062724389984788,-0.421505376344086,0.710752688172043
CM,952,-0.035388932555434495,0.2753543673020316,0.0033965463049134186,-0.06878617151801361,-0.8991596638655462,0.9495798319327731
CMCSA,914,0.009711297178360211,0.7693683096979257,0.15385685464908877,0.03468261861206272,-0.8665207877461707,0.9332603938730853
CME,931,0.05220548493611705,0.11141738342593087,0.07764070856338684,0.030652719326377767,-0.08055853920515575,0.5402792696025779
CNC,825,0.028737502823191086,0.409746017776554,0.11423308808512578,0.07453831814331828,0.5054545454545455,0.24727272727272728
CNI,946,-0.03943208743389236,0.2256330219868273,-0.02276317613908022,-0.05586912323570278,-0.718816067653277,0.8594080338266384
CNP,930,0.012132731004163273,0.7117442296690053,0.027745083173885386,0.01269040482992491,0.421505376344086,0.289247311827957
CNQ,947,0.05875046646562527,0.07074313883674843,0.07847125664387891,0.001224927472506685,-0.9007391763463569,0.9503695881731784
CNX,938,0.013576913778763675,0.6779355490369348,0.006354238986110073,0.023399878198758692,0.8017057569296375,0.09914712153518124
COHR,889,-0.03925972294204978,0.24225225162381636,0.05382599318758802,-0.04181128827398851,-0.7142857142857143,0.8571428571428571
COIN,951,0.12660953706517308,9.038503615052086e-05,0.07177586257892146,,-1.0,1.0
COLB,925,-0.06873044555208942,0.036617782664484566,0.010007458842272325,0.012921508267035668,-0.4205405405405405,0.7102702702702702
COST,877,0.22708145271526364,1.015245036144734e-11,0.3435578427442267,0.13449393430008066,0.10376282782212087,0.44811858608893956
CP,927,-0.05839816401313651,0.07554394622533483,0.006299891937929713,0.019934308176727412,-0.389428263214671,0.6947141316073355
CPB,917,0.04273157572522225,0.19607213082238162,0.04945992656766891,0.06425804242487029,0.5441657579062159,0.22791712104689205
CPNG,936,-0.07641530393052678,0.01937925423270554,-0.06145072398007234,0.036084508739897755,-0.9764957264957265,0.9882478632478633
CPRT,916,-0.02962573376237154,0.37046128375298654,0.14730460479279686,-0.012900929297716543,-0.9104803493449781,0.9552401746724891
CRK,990,-0.03294526012001052,0.30040282914696387,-0.02507728274471753,0.02664569804601445,-0.6525252525252525,0.8262626262626263
CRM,888,-0.07381614379509689,0.0278370992563897,-0.06202006831442441,-0.004501477667037736,-0.831081081081081,0.9155405405405406
CROX,925,0.017747624932974927,0.5898278459487607,0.07757581826011252,-0.013342935660326186,-0.9956756756756757,0.9978378378378379
CRWD,943,0.14887350079990733,4.407112543617604e-06,0.15401536226400017,0.11617319483823556,-0.9045599151643691,0.9522799575821845
CSGP,913,-0.05288462003565646,0.11029151297422175,-0.002586230191138842,-0.07124195043892816,-0.6911281489594743,0.8455640744797371
CSX,928,-0.04465401374433776,0.17410099612439003,-0.011203272828959575,-0.007079086947886559,-0.8318965517241379,0.915948275862069
CTSH,843,-0.006783578795335874,0.8440876840142408,0.019129096941058646,-0.030418627797737827,-0.33807829181494664,0.6690391459074733
CUBE,947,0.07024159035813135,0.03066559045603014,0.019543338898387275,,-1.0,1.0
CVE,946,0.05956105216781306,0.0670811809832285,0.07216942967618382,0.026231285898872348,-0.7949260042283298,0.8974630021141649
CVNA,944,-0.06375260343029275,0.050210174445255086,-0.07230948571137116,0.11252438481483977,-0.8707627118644068,0.9353813559322034
CVS,864,0.06793355809336438,0.04590712319342138,0.06314062280260285,-0.006853252185273254,-0.6342592592592593,0.8171296296296297
CZR,941,0.06792164817387149,0.037234607006842946,0.09341077765307272,0.06921458461044726,-0.9723698193411264,0.9861849096705633
D,919,0.0143194134318535,0.6646336872454836,0.031159536967547325,0.0500178280468138,-0.8324265505984766,0.9162132752992383
DAL,898,-0.0705278922039824,0.034585997173158085,-0.042938529832954,-0.036468655118586144,-0.8530066815144766,0.9265033407572383
DASH,940,0.09082296542339005,0.005325839123668394,0.063359982274865,0.008046703953208436,-0.9659574468085106,0.9829787234042553
DDOG,991,-0.08419047343073859,0.008008933244129884,-0.15704966653229002,,-1.0,1.0
DE,907,0.15246698487913457,3.980029769664246e-06,0.21350079704035815,0.015234088981622913,0.6383682469680264,0.18081587651598677
DELL,881,0.08831369568675936,0.00872360408159799,0.1565766440117291,0.014771523579134119,-0.677639046538025,0.8388195232690124
DEO,952,0.03984348587212648,0.21936315386785513,-0.08170658105748918,0.016201635859547734,-0.9600840336134454,0.9800420168067226
DGRW,944,0.02046146167302275,0.5300677149437605,0.02342867694267508,0.024674695656788773,-0.5911016949152542,0.7955508474576272
DHI,945,-0.09506960917535047,0.0034414572476211586,-0.04551256229411197,-0.026348275768064706,-0.8899470899470899,0.944973544973545
DINO,905,0.0044687286140832885,0.8932059909972915,0.0365972938722073,0.0069296356346324256,-0.8209944751381215,0.9104972375690608
DIS,10,,,,,-1.0,1.0
DKNG,918,0.09814591326843146,0.002912613450961954,0.07823518338410174,0.04433125528874676,-0.9978213507625272,0.9989106753812637
DLR,950,0.012995837818793146,0.6891210552756578,-0.029804178920356417,-0.006231513935903409,-0.9957894736842106,0.9978947368421053
DLTR,925,0.0179150227413995,0.5863237681917425,0.2260054958658304,0.060921384453022795,-0.9005405405405406,0.9502702702702702
DOCU,939,0.008658976793675067,0.7910175630451654,-0.07105150483626382,-0.0002926585447844143,-0.9808306709265175,0.9904153354632588
DOW,937,-0.0024748949415781315,0.9396922640304214,0.04471056684845862,0.030582052642300014,-0.9124866595517609,0.9562433297758804
DTE,930,-0.06893247304286451,0.03556806740012673,-0.0542564624473692,-0.05526660441723769,0.875268817204301,0.06236559139784946
DUK,902,0.08943097116382288,0.007197384271734881,0.09468689989367517,0.09509486638834626,0.015521064301552107,0.49223946784922396
DVN,916,0.1654050287704778,4.804962750122103e-07,0.20236545167970227,-0.007188917511756066,-0.9497816593886463,0.9748908296943232
DVY,950,-0.029189920809844113,0.3688120735439876,-0.07145633228155798,-0.01843523642263551,0.9831578947368421,0.008421052631578947
DXCM,857,0.03268768029598397,0.3391852786334904,0.25886487427017035,0.013349781691113064,-0.5775962660443408,0.7887981330221704
EA,943,-0.16003634083318546,7.820358985270697e-07,-0.1300582484908439,0.008823863985619193,-0.6988335100742312,0.8494167550371156
EBAY,815,-0.0897508869700782,0.010363190272864094,0.03354033035112249,0.010094974735671409,-0.47730061349693254,0.7386503067484662
EC,999,0.020228918841995548,0.5230574641385641,0.02608607108785233,-0.019359338554000224,-0.6936936936936937,0.8468468468468469
EMB,951,-0.019467437814065472,0.5487663797582982,-0.010871971042896745,-0.029716081732481532,-0.9221871713985279,0.961093585699264
EMR,861,0.01830756827652065,0.5916407567082371,0.026304192125507685,0.00231837815860049,0.5679442508710801,0.21602787456445993
ENB,951,0.02762792988310702,0.3947471570986258,0.10169681394627561,-0.036642490868328555,-0.8086225026288117,0.9043112513144059
ENPH,948,0.047261513765652026,0.14593073010668778,0.14065778964084352,0.012661802620614292,-0.9978902953586498,0.9989451476793249
ENVX,950,0.09941004752868147,0.002157919056939787,0.07970970320146582,,-1.0,1.0
EQH,933,-0.08077313182670812,0.013589113483681588,-0.006088103836143041,-0.025203063146266542,-0.5562700964630225,0.7781350482315113
EQIX,950,0.06351312186915557,0.0503469239604841,0.029998047439828063,0.0063961385698634195,-0.791578947368421,0.8957894736842106
EQNR,952,0.0754419320137974,0.019913011533292762,-0.03222648037396948,0.007602846034929109,-0.9789915966386554,0.9894957983193278
EQR,945,-0.03035929289001598,0.35120724324252445,-0.02482914492487962,-0.029515501143913995,-0.6338624338624339,0.816931216931217
EQT,871,0.011603730105291468,0.7323680297375601,0.0642220697226029,-0.0050688128651728385,-0.5958668197474167,0.7979334098737084
ESGU,946,0.0017942933837063265,0.956047353948532,0.054920321960635114,-0.0019436100290409406,0.18181818181818182,0.4090909090909091
ETSY,945,-0.04200003579294215,0.1970585556700199,0.0053490829091584775,0.007012086584306069,-0.9957671957671957,0.9978835978835979
EVRG,946,0.000548320721959823,0.9865622918803213,0.08535909775178283,0.02500362565663479,-0.8942917547568711,0.9471458773784355
EW,859,-0.022478685170629193,0.5105735583194687,-0.004544707269944606,-0.005008976864795669,0.3341094295692666,0.3329452852153667
EXAS,950,-0.022909899456183987,0.4806276600716548,-0.19915793778493474,-0.025315503264898696,-0.9957894736842106,0.9978947368421053
EXC,899,-0.04056339099027118,0.22435334960526848,-0.05254603043684756,-0.05617156140332473,-0.946607341490545,0.9733036707452726
EXPE,931,0.0859662701429744,0.008681105745926171,0.16185549356383522,0.011998763302265422,-0.7980665950590763,0.8990332975295381
F,990,0.10818645027723182,0.000650298629491495,0.16340132021105383,0.017856416569234368,-0.38181818181818183,0.6909090909090909
FANG,924,0.08015420970201964,0.014805543212323516,0.08471094340347744,0.03821931370148266,-0.8636363636363636,0.9318181818181818
FAST,886,-0.04918992154646715,0.14346911602941637,-0.05455778752228957,-0.00786592568688967,-0.6410835214446953,0.8205417607223476
FCX,860,0.03353028018470881,0.32602751661716256,0.07052542237175576,0.022019431953821906,-0.9558139534883721,0.977906976744186
FE,921,-0.016747656615433384,0.6117318358396673,-0.0069101666198252915,-0.021630698540324674,-0.15743756786102062,0.5787187839305103
FERG,945,0.008263019249855747,0.7997424887886718,0.0930325161292551,0.027706188396203063,-0.8497354497354498,0.9248677248677248
FIS,931,0.12899486596516432,7.90893343908256e-05,0.3177861169054651,0.05277433361792663,-0.8582169709989259,0.9291084854994629
FITB,752,0.05454306424087962,0.13508730020054224,0.07114564778399503,0.04022364608370996,0.5718085106382979,0.21409574468085107
FIVN,951,0.12886778661894216,6.734836097459224e-05,0.07553854049912073,0.004214983618834598,-0.9978969505783386,0.9989484752891693
FLEX,934,-0.009749413759410417,0.7660360086416423,0.023415733912988207,-0.052270937693253874,-0.9464668094218416,0.9732334047109208
FNF,949,0.08559713943109232,0.00833326451104078,0.12301810873552334,0.048018598271200294,-0.6290832455216017,0.8145416227608009
FOX,976,-0.006957301307822978,0.8281482351929399,-0.024847438901795003,0.01427741624177718,0.33401639344262296,0.33299180327868855
FOXA,889,0.08429285121411842,0.011929464876130167,0.05741619689718673,0.033681981277811746,0.37907761529808776,0.31046119235095615
FRO,952,-0.07492832149462769,0.020772774758063564,-0.17431732401941125,0.07683595174412686,-0.9684873949579832,0.9842436974789915
FSLR,949,-0.10877259860271882,0.0007897043011066718,-0.061890831598199206,-0.006858133389146863,-0.9936775553213909,0.9968387776606955
FTCS,949,-0.011188669030760634,0.7306711508279409,0.0252522416782942,-0.015570026197611771,-0.9241306638566913,0.9620653319283456
FTI,951,-0.07016595496380541,0.030493588828440735,-0.03982400559498139,0.0032089582598641433,-0.9957939011566772,0.9978969505783386
FTNT,848,-0.08927318555105203,0.00929430488741216,0.11815094173330723,-0.012393774766334572,-0.6580188679245284,0.8290094339622641
FUTU,939,0.053147901547597146,0.10361017506541732,0.0014517624822750637,0.09438925253584123,-0.8615548455804047,0.9307774227902024
GD,937,-0.025391092262356085,0.4375597336642678,-0.01802024247972965,0.02167950805381719,0.12913553895410887,0.43543223052294555
GDS,985,0.04082780002192772,0.20044828654709182,-0.03138927455493651,0.008957335803485164,-0.9776649746192894,0.9888324873096447
GE,879,0.006687482965799563,0.8430527860720226,0.11041022306857279,0.020368470691834967,-0.7246871444823664,0.8623435722411832
GEN,717,-0.058188063733456426,0.11954315321629065,-0.024093934822656166,-0.05303184874186064,-0.12691771269177127,0.5634588563458857
GFI,951,-0.06716870377543453,0.03836041052551827,-0.08945930327794432,-0.05651339922062153,-0.9600420609884333,0.9800210304942166
GILD,916,-0.19791680986375557,1.5246903892418858e-09,-0.2281543762498606,0.020244961921407914,-0.9956331877729258,0.9978165938864629
GIS,860,-0.003624984201284709,0.9154624396300227,0.047827864071175126,0.008066812306765312,0.18604651162790697,0.4069767441860465
GLW,913,-0.14337158336803363,1.3697830363597287e-05,-0.2136989837762922,-0.012066160722911298,-0.7086527929901424,0.8543263964950711
GM,840,-0.027146997511260807,0.4320034613793144,-0.025428065887127337,0.05436750396119088,-0.7452380952380953,0.8726190476190476
GMAB,951,0.050227161151563574,0.12165611730962397,0.007236905391448037,0.07036572226442363,-0.9894847528916929,0.9947423764458465
GME,998,-0.05966506383458276,0.059537405428538616,-0.08414097591295007,0.004060151485968327,-0.9959919839679359,0.9979959919839679
GOOGL,586,0.26112318182443056,1.3687778293255683e-10,0.3513809680298897,0.20970234713241878,-0.6928327645051194,0.8464163822525598
GPN,945,0.1427971134690497,1.0505661108616519e-05,0.1496474361048804,-0.03234283568083992,-0.9174603174603174,0.9587301587301588
GSK,948,-0.1339555634328965,3.50867153194702e-05,-0.07329625845066352,-0.015149226732067688,-0.9831223628691983,0.9915611814345991
GT,949,-0.09233087517719829,0.004417991321744733,-0.13803281147815188,-0.03740600912045656,-0.565858798735511,0.7829293993677555
HAS,943,-0.11872554319607635,0.0002582312887007533,-0.11070095470191184,-0.04725457644617793,-0.7476139978791092,0.8738069989395546
HBAN,950,0.017919005714948474,0.581210111893982,0.05067652481052339,,-1.0,1.0
HCA,951,0.008563417240436189,0.7919813174315011,0.062365107442633544,0.04511314556037045,-0.9158780231335436,0.9579390115667719
HD,945,-0.06828675750892456,0.0358287966058568,-0.03349191830106898,-0.06060345674622442,-0.9788359788359788,0.9894179894179894
HOLX,969,-0.1654801513721028,2.215314118474551e-07,-0.1689828448014576,0.019399736724098976,-0.33539731682146545,0.6676986584107327
HON,891,0.038261262232386684,0.2539120652755029,0.094808089216644,0.08146537140849469,-0.44556677890011226,0.7227833894500562
HOOD,933,0.0963699880578058,0.003213505657201136,0.053652234428178805,-0.0016473069952199705,-0.9935691318327974,0.9967845659163987
HPE,945,-0.07773183801604895,0.016848501662699022,-0.06299436085726562,-0.03515888448420528,-0.7904761904761904,0.8952380952380953
HPQ,843,-0.026446050137880928,0.4431756836291564,0.013953007758489342,0.02811293496196938,0.2526690391459075,0.3736654804270463
HR,946,-0.05001684950831028,0.1242193305386222,-0.06590897988916478,0.012069141752375294,-0.9978858350951374,0.9989429175475687
HSBC,948,0.035781836458560645,0.2710674614067563,0.03285732320370017,0.02955628094868426,-0.4050632911392405,0.7025316455696202
HST,940,-0.023501874294514065,0.47171314111131774,-0.054695630115450256,-0.046296571563309394,0.5851063829787234,0.2074468085106383
HWC,952,0.033543175826429045,0.3011880494565985,0.06705727405657691,0.040435411548118555,0.49159663865546216,0.2542016806722689
HWM,907,0.030796056977031368,0.35423381352802435,0.11758860786209654,-0.009032121981611895,0.6185226019845645,0.19073869900771775
IBB,911,0.002091796666873202,0.9497269956522478,0.06620097406188453,0.006816414465295472,-0.3018660812294182,0.6509330406147091
IBM,877,-0.14281629367811524,2.1846201491943346e-05,0.02617506918956067,0.014770672190804716,-0.5096921322690992,0.7548460661345496
IEF,952,-0.0015508216864266932,0.961886008241966,-0.038377461332318716,0.009874635819468068,-0.9978991596638656,0.9989495798319328
IEI,986,0.008672124769761827,0.7856451382824553,-0.0991025562898104,,-1.0,1.0
ILMN,1001,-0.06650736422418971,0.03538722239923688,0.01699943624519708,-0.00788019435952383,-0.936063936063936,0.968031968031968
ING,1000,0.039280444799565745,0.2145754104099502,0.03554638864652522,-0.014565668363538491,-0.99,0.995
INTU,948,0.06937327572946088,0.032701317467188865,0.07389560207910974,0.02175893902530386,-0.9156118143459916,0.9578059071729957
INVH,942,-0.007449566342410454,0.8193805225082923,0.027785113436871175,0.01699925639091908,-0.9978768577494692,0.9989384288747346
IP,943,-0.1844310992012071,1.162998587648875e-08,-0.06725729215667589,-0.026328719188556275,-0.9766702014846236,0.9883351007423118
ISRG,983,-0.01601028092400345,0.6161170270499565,-0.026594475551253504,0.04418508442160705,-0.9694811800610377,0.9847405900305188
IUSG,944,-0.04542298786568082,0.16317480946273594,-0.001775602825650563,-0.015279881231473003,0.4639830508474576,0.2680084745762712
IUSV,952,0.02317184331430793,0.47515784304227277,0.028387061381687135,-0.06453011456052683,-0.792016806722689,0.8960084033613446
IVZ,932,-0.11966779622548225,0.00025068264423043474,-0.12233909193121426,-0.011327415015808178,-0.8733905579399142,0.9366952789699571
IXUS,951,0.040907634598371344,0.2075287589486587,0.07658299414733355,-0.0012309991441151228,-0.9936908517350158,0.9968454258675079
JCI,873,-0.010079684488176687,0.766160396096726,0.010888310882122753,0.007695306287568602,-0.012600229095074456,0.5063001145475372
JD,926,0.020196699005098066,0.5393322811414951,0.0341867189873762,0.05156374898261969,-0.9870410367170627,0.9935205183585313
KBWB,924,0.04054726788079851,0.21818517784604127,0.1244511465798679,0.016236666099490808,-0.4458874458874459,0.7229437229437229
KDP,959,0.0495917979740531,0.1248608399430041,0.11158071723773431,-0.0060645104878177675,-0.7497393117831074,0.8748696558915537
KEY,946,-0.10411615975473747,0.0013422144135754412,-0.10979893784416915,-0.011536653283476717,-0.8097251585623678,0.904862579281184
KHC,934,0.1241910488222044,0.00014174053798418238,0.1968404493382925,0.049425490171710586,-0.7730192719486081,0.8865096359743041
KIM,949,-0.07614081216323564,0.01898137047031975,-0.05635969492254164,0.002208427489832566,-0.7197049525816649,0.8598524762908325
KKR,945,-0.060330184347110745,0.06376270871546719,-0.0637916423184345,,-1.0,1.0
KMI,952,-0.002155292004541849,0.9470488941439165,0.04784868668323146,-0.06880245816369879,-0.9264705882352942,0.9632352941176471
KMX,944,0.05687930582537171,0.08069083599947637,0.1815598931534086,-0.01641136535339984,-0.9449152542372882,0.972457627118644
KO,911,-0.03402737157736429,0.30492574062715005,-0.051862348704268146,0.032418246409596466,-0.969264544456641,0.9846322722283205
KR,863,-0.14858369239420977,1.1708474282886912e-05,-0.07756665389022323,-0.04455295473224569,-0.2885283893395133,0.6442641946697567
KSS,943,-0.03657354480284394,0.26186358931238574,-0.030794123648041894,0.008246902334372133,-0.9957582184517497,0.9978791092258749
LAC,1000,-0.037118041222422994,0.24091148475913135,-0.2832650038134575,,-1.0,1.0
LC,972,0.06281165318918645,0.050266750849918364,0.017298544024540674,-0.023959470547409708,-0.9650205761316872,0.9825102880658436
LCID,935,0.1260786395817373,0.0001108705359629589,-0.02569461512334018,0.018674099300677007,-0.6021390374331551,0.8010695187165775
LEN,942,-0.08796433525428647,0.006903653875592756,-0.0018445352964705213,-0.05569537211943409,-0.8768577494692145,0.9384288747346072
LI,940,0.20224277417822337,3.9203972765700575e-10,0.09368678664170403,-0.007750490917644569,-0.9914893617021276,0.9957446808510638
LIN,932,0.004994259882544238,0.8789783471294773,0.04367789898664323,0.07092460048766923,-0.34763948497854075,0.6738197424892703
LNC,939,0.00964547610413308,0.7678559820295062,-0.015799006040628893,0.01227013912808153,-0.20340788072417465,0.6017039403620873
LOGI,952,0.035889770022429254,0.2686129867310891,0.043900065882168604,0.026321007804669613,-0.9705882352941176,0.9852941176470589
LOW,935,-0.04764204875783087,0.14548512672929956,-0.05534819140391188,-0.005366090276834694,-0.9721925133689839,0.986096256684492
LULU,948,0.06092280029604711,0.06078498889251217,0.09333451531851567,0.03847847538318692,-0.9620253164556962,0.9810126582278481
LUV,916,0.058541338147926496,0.07658033435970185,0.05459859097053385,0.01875227442029019,-0.9126637554585153,0.9563318777292577
LVS,929,-0.023259343685877117,0.4788989925241395,-0.08352528752639828,-0.010577058423673881,-0.9655543595263725,0.9827771797631862
LYFT,943,-0.029852401860433433,0.3598217237226398,0.07370937108218942,,-1.0,1.0
LYV,937,0.1636243084069537,4.7559549143691473e-07,0.12052630579357468,0.06723261954052125,-0.2529348986125934,0.6264674493062967
M,937,-0.11104984689973264,0.0006609471015826242,-0.1667778676043979,-0.023634018879136354,-0.9893276414087513,0.9946638207043756
MA,915,0.025742910400959603,0.4367099973098821,0.09668200591949966,0.007403083761427507,-0.6983606557377049,0.8491803278688524
MAR,926,-0.0006488875217168412,0.9842674229712375,0.07168697099958148,0.04327682087714154,-0.4708423326133909,0.7354211663066955
MAT,946,-0.08545671719620969,0.008545054820949723,0.021342719174006115,0.05036026664568776,-0.8710359408033826,0.9355179704016914
MCD,36,0.21968445844836473,0.19796091169160807,0.20161394660277301,0.40040494431502177,-0.9444444444444444,0.9722222222222222
MCHI,971,-0.05879369767017732,0.0670576640238097,-0.09916137362498838,0.0734065779640192,-0.9402677651905252,0.9701338825952626
MCHP,849,0.024308636162843775,0.47934501983757155,0.018984345065377748,0.027024045403854814,-0.9811542991755006,0.9905771495877503
MDB,899,0.011030432746404,0.741189168896391,0.07716750944619873,0.021025659565896464,-0.3081201334816463,0.6540600667408232
MDLZ,797,0.004321853385004864,0.9030414727819613,0.04449383890370041,0.02984654615668309,-0.38017565872020076,0.6900878293601004
MELI,952,0.07439799348507363,0.021694247753900126,0.05951780930409444,,-1.0,1.0
MEOH,923,0.04162726962086366,0.20640651563645276,0.008554414850847087,0.05403039293168043,0.25677139761646806,0.37161430119176597
MET,860,-0.010390074363926098,0.7609284190741938,0.03702274934276648,0.03235582573248963,0.29069767441860467,0.3546511627906977
MFC,952,0.00232457437444925,0.9428968116328963,0.024976297171419255,-0.05530013251696795,-0.8634453781512605,0.9317226890756303
MGM,903,-0.07259162976169344,0.029166251679232254,-0.12250678337051561,0.007669278195447786,0.07862679955703211,0.46068660022148394
MLCO,948,0.009177944178398319,0.7777760352713645,-0.09007603554503271,-0.07245279688120525,-0.9535864978902954,0.9767932489451476
MMM,910,0.05265293814554919,0.1124543773357012,-0.026435608240459967,-0.009610833822321765,-0.9054945054945055,0.9527472527472527
MNST,863,-0.013877527923589345,0.6839294523775695,0.07262652092183311,-0.03178247544057481,-0.7682502896871379,0.884125144843569
MOS,926,0.01199032962139435,0.7155675750317573,0.047460989729455394,0.056387107167667455,-0.7213822894168467,0.8606911447084233
MP,946,-0.029153246444798157,0.3704266162743637,-0.2429089757139391,-0.062035721246778,-0.9260042283298098,0.9630021141649049
MRNA,946,0.0700107079265166,0.03130904333654995,0.06556537712066246,0.06277420506424335,-0.9957716701902748,0.9978858350951374
MSFT,733,0.1507947531701483,4.147472858417256e-05,0.1553285116684969,0.15831360172823547,-0.8062755798090041,0.903137789904502
MSFU,785,0.14127405814977873,7.132422822063051e-05,0.3205108674951623,0.072511153267525,-0.7859872611464969,0.8929936305732484
MTCH,932,0.05696073365674662,0.0822084801783792,0.11675209130671478,0.030292695494604692,-0.9763948497854077,0.9881974248927039
NCLH,917,-0.04753676703626679,0.15033237283221043,-0.08919321028560655,0.01589373141011726,-0.8407851690294439,0.920392584514722
NDAQ,894,0.07196055429625259,0.031445601373757584,0.18619013344573904,0.0009463677780167755,-0.0894854586129754,0.5447427293064877
NEE,827,0.09541256643109572,0.006033526181643727,0.15858840357384785,0.04085699538489747,-0.6324062877871826,0.8162031438935913
NEM,920,0.061963403627877965,0.06028637234363646,0.06878784024526884,,-1.0,1.0
NEOG,973,0.020835274080661426,0.5162422953173257,0.03628095549268558,0.007032077783724395,-0.9671120246659815,0.9835560123329907
NET,946,-0.059416756868318626,0.06774704029625943,-0.12105143283065364,0.01234528295797085,-0.9957716701902748,0.9978858350951374
NGG,1001,0.04743476529296746,0.13368231102542372,-0.013827803040970173,0.062056210300922184,-0.7182817182817183,0.8591408591408591
NI,925,-0.06444302012271799,0.05007244436974385,-0.0692561412563736,0.026742167032169358,0.7102702702702702,0.14486486486486486
NIO,992,-0.02811191254437404,0.3764413937531088,-0.09766744852729886,0.11212041790244195,-0.9959677419354839,0.9979838709677419
NKE,913,-0.029025764657730477,0.3810178790548163,0.21998840505955947,0.009570898687042462,-0.9890470974808324,0.9945235487404163
NLY,951,0.060634756693759104,0.061604337520700964,0.018597575324270543,0.0002926429782982474,-0.9978969505783386,0.9989484752891693
NOC,949,0.019360771723131987,0.5513792221224515,0.026099999967793153,-0.005623230879048791,-0.6965226554267651,0.8482613277133825
NOV,920,-0.017678782434634884,0.5922786822132378,-0.08729270652484653,-0.005134562479326515,-0.26304347826086955,0.6315217391304347
NOW,952,-0.01189374334105946,0.7139873161964332,-0.014729699446313487,,-1.0,1.0
NRG,922,0.07175667319387186,0.02935356544886709,0.08909758350689294,0.05788963602083824,-0.02386117136659436,0.5119305856832972
NTAP,921,0.030709910053665395,0.35188580945158404,0.014346541255082315,0.04051619088207807,0.5787187839305103,0.21064060803474485
NTES,937,-0.01622029987823852,0.619978641201685,0.11299661015465674,0.0015514947076218312,-0.6328708644610459,0.816435432230523
NTR,945,-0.05940646552078567,0.06794059631792819,-0.004202104465626891,0.07138413870780942,-0.9343915343915344,0.9671957671957672
NVAX,943,0.17377544260667235,7.865809377926587e-08,-0.10318928003729079,0.15289675685666482,-0.8854718981972428,0.9427359490986215
NVDS,833,0.06335345924081863,0.06761239074652281,0.042587905923903845,0.0660195681226573,-0.4021608643457383,0.7010804321728692
NVO,933,0.03256283330084684,0.32043546232038816,0.23374577057440968,-0.023178558283054963,-0.9978563772775991,0.9989281886387996
NVS,945,0.046600148823066,0.15231276593032608,-0.03731489388584503,-0.031502222785837156,-0.11534391534391535,0.5576719576719577
NWL,948,-0.06078794218763139,0.061359231697059674,-0.010466977203873747,-0.007471546902325568,-0.9535864978902954,0.9767932489451476
NXPI,894,-0.029630194485152764,0.37621454574054586,0.009699459606312553,0.038282730158756606,-0.5659955257270693,0.7829977628635347
OKE,921,0.07902317118733414,0.016453892486569546,0.15136092510170618,0.03699246242129369,-0.41150922909880566,0.7057546145494028
OKTA,949,0.042403959166997005,0.19184002767710986,-0.09083758368222532,-0.010145376589424666,-0.9936775553213909,0.9968387776606955
OMC,917,0.01630992324013045,0.6218314604757638,0.02880923743462512,0.03698479665697328,-0.07088331515812432,0.5354416575790621
ON,882,0.07413431531631176,0.02769466607734624,0.08284705042113402,0.00865165689370303,-0.9501133786848073,0.9750566893424036
ORCL,808,0.006264581053109023,0.8588808988553505,-0.1629063197207974,-0.028656104958010475,-0.7178217821782178,0.8589108910891089
OTIS,927,-0.021520385883815312,0.5128438944033986,0.08650774086010551,0.033826364081320635,0.6310679611650486,0.18446601941747573
PAAS,951,0.00021421235688448453,0.9947361908642948,-0.050222019248492865,-0.03526264456281316,-0.8548895899053628,0.9274447949526814
PANW,917,0.05623146081024226,0.08878807129056447,0.15798494955677544,0.041957875604685516,-0.7448200654307524,0.8724100327153762
PATH,912,0.017486088882822194,0.5979266812403478,0.18453138390533338,0.04702573623361116,-0.15789473684210525,0.5789473684210527
PAYX,853,0.09721731582930264,0.0044843395154079545,0.1443628482355454,0.018123738510104924,0.8569753810082064,0.07151230949589683
PBF,947,0.0857840764682977,0.008260119341445535,0.09062189004910495,0.05750988805146332,-0.9049630411826821,0.9524815205913411
PBR,952,0.04199588201965317,0.1954476933886926,0.16006017546096854,0.011770784403026207,-0.9831932773109243,0.9915966386554622
PCAR,842,-0.054299035345318,0.11538833314393197,0.0119060770084967,-0.01689850354064684,0.5605700712589073,0.21971496437054633
PCG,931,0.05616537548292106,0.0867522575265877,0.023491900453633547,0.016434701003205418,0.35123523093447906,0.32438238453276047
PDD,890,0.1461982355179005,1.192626320017852e-05,0.12421950511324494,0.11560596822805923,-0.8382022471910112,0.9191011235955057
PEG,899,-0.0380550264188227,0.25435224462935885,-0.00817831051533841,0.007852102694682781,0.6129032258064516,0.1935483870967742
PENN,905,0.09275793346783279,0.005228256888275736,0.1346184034176384,0.05330045315493926,0.016574585635359115,0.49171270718232046
PEP,869,-0.01484842189023607,0.6620331676271024,-0.01816731093820766,0.047891044947667126,-0.7836593785960875,0.8918296892980437
PFG,915,-0.02444766487164483,0.4601401469906402,-0.017741728591375114,0.007546119593721938,0.892896174863388,0.053551912568306013
PG,29,,,,,0.3103448275862069,0.3448275862068966
PGR,891,0.011484853946123766,0.7320885687004214,0.06544656508370021,0.013587799075833306,0.014590347923681257,0.49270482603815935
PHG,1000,0.09073739461252134,0.004082636005543539,-0.00850395468135051,,-1.0,1.0
PHM,901,-0.15534656380597994,2.79985448857323e-06,-0.16244846391465909,-0.023788515292031475,-0.607103218645949,0.8035516093229744
PINS,877,0.0077570161944223465,0.8185630604024455,0.03724449853808269,0.057412345451150225,-0.7194982896237172,0.8597491448118586
PLAY,949,0.02258627031337803,0.4870799113960693,-0.029267275640617985,0.05776437547215739,-0.5806111696522656,0.7903055848261328
PLD,940,-0.028030063041756193,0.3906657634955362,0.011225471444235288,0.013413556597776521,-0.9702127659574468,0.9851063829787234
PLTR,851,-0.012113620887241027,0.7241852105062183,-0.0633247585250856,0.05575212930588523,-0.9318448883666275,0.9659224441833137
PM,932,0.04996615753900475,0.12743238039441163,0.12096002370839215,-0.006365240582157414,-0.9291845493562232,0.9645922746781116
PPL,935,-0.06136294286038083,0.0607102794812891,-0.02685383996849272,-0.05792444209379568,0.6427807486631016,0.1786096256684492
PR,799,-0.021618028070142917,0.5417409049067078,0.018480546929487793,0.03524433882124156,-0.8498122653316645,0.9249061326658323
PRU,943,0.10114131020390332,0.0018725459251806985,0.155989619588434,-0.010878492221016733,-0.11770943796394485,0.5588547189819725
PTEN,946,0.0029792238749237468,0.9270862673314321,-0.006953501474286323,0.05182305625950921,-0.6321353065539113,0.8160676532769556
PTON,933,0.03286216339912266,0.3160048831047907,-0.010053979338585043,0.013392225381198625,-0.9914255091103966,0.9957127545551983
PYPL,905,0.29378439028613895,1.785891468645893e-19,0.4659394667874778,0.07562063376061869,-0.9977900552486187,0.9988950276243094
QQQ,470,0.27518287602735897,1.299421036301878e-09,0.26868279586999505,0.20635892395059252,-0.451063829787234,0.725531914893617
QQQM,948,0.09902922429342592,0.002269026466024789,0.10615700478525375,0.0027508600308548308,-0.7784810126582279,0.8892405063291139
QTEC,952,0.054213755008578786,0.09456967888178885,0.10005040382845892,0.007056000475434602,-0.9873949579831933,0.9936974789915967
RBLX,893,0.0011445825623205151,0.9727529248861307,0.010705737293276708,0.04252234022013632,-0.858902575587906,0.9294512877939529
RCL,885,0.09917177264880221,0.003143253969681125,0.0729668145006441,-0.01114044508076085,-0.1751412429378531,0.5875706214689266
RDVY,952,-0.06401490029124685,0.04831604769930692,-0.03931993839423409,-0.033324375867490506,0.09453781512605042,0.4527310924369748
REG,945,-0.045362461746551196,0.16351326755889223,-0.06281911794220588,-0.020334445013678665,0.908994708994709,0.0455026455026455
RF,929,-0.09085799545818384,0.005583096148314435,0.007429161364269344,-0.037532215696418306,0.48331539289558667,0.25834230355220666
RIO,938,0.10256418031150742,0.0016590494542779856,0.09739020657776025,0.06448065549334935,-0.9466950959488273,0.9733475479744137
RIVN,945,0.26420229958205,1.4785074389323093e-16,0.22683303067759436,0.10861744504618,-0.9830687830687831,0.9915343915343915
ROKU,951,-0.09849012003010627,0.0023605432921441406,-0.10332343446213624,0.09189148608371017,-0.9810725552050473,0.9905362776025236
ROST,931,-0.048766861037324555,0.13704799239320734,0.08934963518971695,0.030109037577484482,-0.832438238453276,0.916219119226638
RRC,940,-0.031654140587611485,0.33232113291273374,-0.028041009233999204,0.005520665315693632,-0.8404255319148937,0.9202127659574468
RTX,926,0.020528670975997518,0.5326837325655318,0.1366110797026131,-0.024936901519610956,-0.9697624190064795,0.9848812095032398
RUN,942,0.048279212706673784,0.13869119965696264,0.14703082126842443,,-1.0,1.0
RY,951,0.05051907431822911,0.11950207661915618,0.08927156671822543,-0.011709490866717994,-0.4069400630914827,0.7034700315457413
S,939,-0.052838731546542,0.10563746991577128,0.188625513035255,0.08251659348700731,-0.9893503727369543,0.9946751863684771
SAP,951,0.00889017568516591,0.7842362985041469,0.0410652752230133,0.006792242914861151,-0.9705573080967402,0.9852786540483701
SARK,952,0.08045635506416506,0.013020596265502664,0.05188232801374328,-0.013100276107807996,-0.7962184873949579,0.898109243697479
SBS,950,-0.02252229811487659,0.48808501073602806,-0.016656226132349444,-0.019512992668531577,0.18947368421052632,0.4052631578947368
SBUX,867,0.07196778067410013,0.034109726096402025,-0.05704175772932619,0.06437293230550603,-0.8523644752018454,0.9261822376009228
SCZ,978,-0.0015230769478301266,0.9620587135624027,0.058620970176088284,-0.0018319324701154655,0.0736196319018405,0.46319018404907975
SE,998,-0.045568725771361104,0.15028909487140768,-0.11343535625655483,0.007330043532896436,-0.9959919839679359,0.9979959919839679
SHLS,921,0.028090852545034045,0.39448557630880066,-0.03434474358286981,0.031715952966224675,-0.98914223669924,0.99457111834962
SHOP,913,-0.018505625712063437,0.5765400550911917,-0.09349030234390554,-0.027017146191069142,-0.9079956188389924,0.9539978094194962
SKYY,952,-0.08511998369891603,0.00859759413772218,-0.05013249539125161,-0.0211567729148476,0.01050420168067227,0.4947478991596639
SMH,767,0.13348276395089045,0.00020944186110937742,0.09189060714300047,0.10895569679461405,-0.4654498044328553,0.7327249022164276
SNAP,924,-0.044515232422696095,0.17638029188166027,0.0965488179825577,0.036139568569437605,-0.9696969696969697,0.9848484848484849
SNOW,948,-0.01856369159090186,0.5680919161649408,-0.09214269648939387,0.010493236049250669,-0.9535864978902954,0.9767932489451476
SNY,948,-0.10431647285452356,0.0012980767047277636,-0.10245990243934507,-0.022834430234464874,-0.36075949367088606,0.680379746835443
SO,835,0.02456322878035291,0.478428910211264,0.04894196381781916,0.012564200135302307,0.08502994011976048,0.45748502994011975
SOFI,986,0.12869479174179113,5.060032617076728e-05,0.051194828765219046,,-1.0,1.0
SOXX,887,0.012879598127188233,0.7016736585996386,0.05330362503170884,0.03808129540125299,-0.7249154453213078,0.8624577226606539
SPG,948,-0.019416119416107578,0.5504524575527234,0.05676127290690666,0.00230216021513831,-0.9957805907172996,0.9978902953586498
SPY,306,0.16954218865160448,0.002927905960603485,0.21805481934106416,0.09226505548200774,-0.3137254901960784,0.6568627450980392
SQQQ,890,0.04929460032133533,0.14171731007192692,0.0324145436188554,0.15720049067265834,-0.5842696629213483,0.7921348314606742
SRE,901,0.0025467919252243655,0.939148451231258,0.07092432255175332,-0.05667916301132642,0.658157602663707,0.1709211986681465
STLD,898,0.002833791821050996,0.9324194945461606,0.005963958910330087,0.040162876544216894,-0.3741648106904232,0.6870824053452116
STM,941,-0.0463218796770269,0.15565699543553707,-0.1072459861815851,0.03207702762915601,-0.8342189160467588,0.9171094580233794
STNE,951,0.08822626105375762,0.006479416904018077,0.07152062422768236,-0.021309574794711822,-0.9978969505783386,0.9989484752891693
STT,896,-0.0011575655907022885,0.9723976235345337,0.05134239539703423,0.010758661095665072,-0.7098214285714286,0.8549107142857143
STX,945,-0.02526421327668593,0.43790290929883735,0.011621017853843703,,-1.0,1.0
SU,945,-0.006988126734155394,0.8301265518793443,-0.011151193549051697,0.0008370284227808712,-0.7947089947089947,0.8973544973544973
SUZ,952,-0.014124818651960023,0.6633713131439554,-0.07300315087637382,0.0015419903146872353,-0.2920168067226891,0.6460084033613446
SWKS,895,0.04338552207861024,0.19472002944693467,0.020376486394605726,0.09233611894095674,-0.4972067039106145,0.7486033519553073
SYF,825,-0.07303761093301983,0.03595227630311762,-0.051270245162312,0.02740022831928475,0.11757575757575757,0.4412121212121212
SYY,927,-0.05521137050749003,0.09295419153851057,-0.00302165615304675,-0.0275037857733113,-0.13052858683926646,0.5652642934196332
T,949,0.0482942383570638,0.13710689110394753,0.009578587349661586,-0.009438311734326037,-0.9894625922023182,0.9947312961011591
TCOM,915,0.05279036761467968,0.11053702329970375,0.12684141869985163,0.042897373187103585,-0.766120218579235,0.8830601092896175
TD,949,0.20983350426120972,6.647965541138842e-11,0.24315916832507747,-0.009356171018530259,-0.9957850368809273,0.9978925184404637
TDOC,943,-0.04573407620423346,0.16053112750479268,0.13579993130188583,-0.013706784823591705,-0.9957582184517497,0.9978791092258749
TEAM,949,0.03448608560632939,0.28855882810501104,-0.058888709565739154,-0.008059916031978486,-0.9768177028451,0.9884088514225501
TECK,942,0.01773889199345998,0.586605062899073,-0.16695238653486608,0.009704455953533623,-0.9978768577494692,0.9989384288747346
TER,943,-0.1298090514249629,6.391904467887815e-05,-0.20397417382833696,0.056686711814147694,-0.8981972428419936,0.9490986214209968
TFC,858,-0.03923021592759167,0.25101649829811423,0.09994383478656636,0.026550466604557465,-0.5454545454545454,0.7727272727272727
TGT,934,-0.024745830295348617,0.45002672958799333,0.1693076439802758,0.032133225452026674,-0.9914346895074947,0.9957173447537473
TGTX,948,0.011073749601355877,0.7334672147795351,-0.07306468080569153,-0.056378750622745194,-0.9388185654008439,0.9694092827004219
TLT,948,0.09628958775246603,0.00300031760343904,0.11217953592509898,,-1.0,1.0
TME,1001,-0.1856603983993,3.2544575319503094e-09,-0.15125531893976654,-0.016582431362437547,-0.9460539460539461,0.973026973026973
TMUS,783,0.04900480078894103,0.17072079228622158,0.18215646697741883,0.13560621316152982,-0.3563218390804598,0.6781609195402298
TOST,940,-0.015309845038124726,0.6392169871816689,-0.018933736525639958,0.0024272570390119035,-0.9319148936170213,0.9659574468085106
TPR,925,-0.024725693097674015,0.45259213004896903,-0.04143041362306587,0.009972525266134367,-0.3945945945945946,0.6972972972972973
TQQQ,867,0.2617662633202292,4.7431497279012535e-15,0.295916925550573,0.15948713769191777,-0.06805074971164937,0.5340253748558247
TRIP,939,-0.00921155254934235,0.7780197446542991,-0.0005609186274707612,0.00979004862931519,-0.9254526091586794,0.9627263045793397
TRMB,944,-0.00666430920071397,0.8379713124741929,0.04938842494752785,0.013291781860780227,-0.3601694915254237,0.6800847457627118
TROW,951,-0.005671493164576623,0.8613385363093191,-0.011933160064259572,,-1.0,1.0
TRP,943,-0.014497064711228988,0.6565993226372764,-0.028804315658278946,0.021431139704950912,0.7985153764581124,0.1007423117709438
TS,997,0.031429708368640355,0.32148900444918005,0.026443853567897187,0.009422946164163337,-0.283851554663992,0.641925777331996
TSLL,799,0.3405488549550558,3.812916983652301e-23,0.3276719438744029,0.22853386123395228,-0.8122653316645807,0.9061326658322904
TSLQ,828,0.16935821231791623,9.517241655629607e-07,0.04174364429393923,0.08108604753944607,-0.5072463768115942,0.7536231884057971
TSLS,808,-0.0006253748124154877,0.9858391115434444,-0.04724665856021367,0.03416446850979893,-0.3910891089108911,0.6955445544554455
TSM,832,0.011432752298048524,0.7419395502838649,-0.033620254902756316,-0.009746094781788719,-0.9182692307692307,0.9591346153846154
TSN,946,-0.04783746988776654,0.14149706536076248,0.049793586265235876,-0.04288476861723433,-0.45665961945031713,0.7283298097251586
TTD,886,0.0002446690606842701,0.9941974538116547,-0.008993568786314226,0.07121333254301228,-0.9119638826185101,0.9559819413092551
TTE,952,0.04435397778882867,0.17150163718063774,-0.0016381296459552534,0.014672688564411672,-0.8907563025210085,0.9453781512605042
TTWO,930,0.10062397645004495,0.002124214658640582,-0.03763946483407995,0.04598694598046917,-0.3161290322580645,0.6580645161290323
TWLO,948,-0.030891702254640156,0.3420536838178294,-0.10933755860902947,,-1.0,1.0
U,931,-0.023365351307721383,0.47642152663865245,0.016975905748867457,0.010615708709250708,-0.9828141783029001,0.99140708915145
UAA,999,-0.04298022834910482,0.17465385850733808,-0.0657219438527983,,-1.0,1.0
UAL,888,0.12356025214003555,0.0002233930558432793,0.1463059454034241,0.09483895208440035,-0.5292792792792793,0.7646396396396397
UBER,805,-0.008830327268926547,0.8024680888698744,0.021303367950234003,0.044310541378055485,-0.7937888198757764,0.8968944099378882
UHS,952,-0.024638847712043853,0.4476517420389184,0.039286803182994254,0.00977211735888224,-0.8256302521008403,0.9128151260504201
UL,945,-0.011656804432976873,0.7204346313214711,-0.04100738915143466,-0.007621147338386665,0.33544973544973544,0.3322751322751323
UPS,937,0.2008445243148162,5.537952538122884e-10,0.3376545570930156,-0.0137209127435011,-0.9487726787620064,0.9743863393810032
UPST,951,0.011926961226799626,0.7133681140316418,-0.03095808447056119,-0.0018877976409757706,-0.9978969505783386,0.9989484752891693
V,901,0.05333606842819972,0.10962363510464415,0.08051565571146593,-0.0008820575498197728,-0.8690344062153164,0.9345172031076582
VALE,952,0.007281851585822097,0.8224572291203887,-0.0045922265323242424,0.12917920075958478,-0.9852941176470589,0.9926470588235294
VCIT,952,-0.017809994153695094,0.5831152721231203,-0.036585317171480565,,-1.0,1.0
VFC,934,0.00705372318415947,0.829544542305494,0.022650060613358048,,-1.0,1.0
VGLT,952,0.024005356751795194,0.4594172869248715,0.009550807183669564,,-1.0,1.0
VICI,945,-0.009041559284449628,0.7813324559917144,-0.029002983955463305,-0.02625434088070841,-0.7925925925925926,0.8962962962962963
VNO,950,-0.1455340528360885,6.676358470152035e-06,-0.13028606028056697,-0.020329671402857144,-0.5136842105263157,0.7568421052631579
VOD,952,0.040112180760543494,0.21626801284529418,0.004762115079721779,0.0397019167314613,-0.976890756302521,0.9884453781512605
VONG,952,0.018506140376633187,0.5684767451896624,0.08645463081170686,0.031550304972730765,-0.6890756302521008,0.8445378151260504
VRTX,951,0.0625919473217362,0.05365863996227323,0.23713890397095894,0.03426944209492869,-0.9957939011566772,0.9978969505783386
VST,933,0.09082924193875257,0.005496370166035037,0.04839857304651535,0.030332056472103533,-0.18113612004287247,0.5905680600214362
VTRS,981,0.028390933641376785,0.37439259020719423,0.04286144104511562,-0.002434287799809382,-0.9775739041794088,0.9887869520897044
VTWO,999,-0.008236656709581442,0.7948528457124802,0.039708319317075795,-0.011884636082535182,-0.7037037037037037,0.8518518518518519
VXUS,952,0.086495785666054,0.007578722636725789,0.14215395532322692,-0.01573175389076547,-0.9978991596638656,0.9989495798319328
VYMI,987,0.11972437580984724,0.00016316288246864206,0.16803722300383486,0.024123399861727922,-0.9675785207700102,0.983789260385005
VZ,938,0.02623523572025533,0.4222246668737212,0.023256334977222973,0.07198856683233984,-0.9211087420042644,0.9605543710021321
W,949,-0.12747267659429085,8.223130449009848e-05,-0.17456116223869417,0.03040487093654622,-0.9978925184404637,0.9989462592202318
WBD,879,0.010299063123797168,0.7604274451748275,-0.01476853843368777,0.008755651783867762,-0.9863481228668942,0.9931740614334471
WCLD,944,-0.03329215411638865,0.306868222141245,-0.033091840318699293,-0.033593351440553976,-0.4597457627118644,0.7298728813559322
WDAY,950,0.014458647469055159,0.6562605118298791,0.04505188946263463,,-1.0,1.0
WDC,874,0.07853872511269931,0.020225200091590796,0.045855028432527395,0.06677258378611156,-0.7231121281464531,0.8615560640732265
WELL,912,0.05796086884819679,0.0802132429435857,0.04086783303249486,0.0373277392704296,0.46271929824561403,0.26864035087719296
WMB,848,-0.022047988706993413,0.5214070374061737,-0.0030608744549965768,0.014340792132826094,0.625,0.1875
WPM,950,0.057236006613359425,0.0778574629353095,0.07975370449498458,-0.0034870433642278037,-0.9368421052631579,0.968421052631579
WY,950,-0.08806891893662006,0.0066041651605485896,-0.08181552350154614,0.04875183987228469,-0.8315789473684211,0.9157894736842105
WYNN,948,0.04577972658540059,0.1590071494982925,0.0018433483976722182,,-1.0,1.0
XEL,793,0.09343063330811205,0.008472389581500971,0.10555603025532904,0.07820354321847539,0.2938209331651955,0.3530895334174023
XP,944,0.09664491733839772,0.002954806447815629,0.1532237194395302,0.00594923559388451,-0.9978813559322034,0.9989406779661016
XPEV,973,-0.0045266337032469645,0.8878555107940321,-0.064852199749007,0.026391670745533745,-0.8766700924974307,0.9383350462487153
YUM,944,-0.03464929606473918,0.2875579934874196,-0.010079326855134161,0.0036201521213152406,-0.2838983050847458,0.6419491525423728
Z,883,2.053905214174732e-05,0.999513721411698,-0.045350459034499545,0.014875807394611954,-0.4360135900339751,0.7180067950169875
ZG,947,-0.04169168878649824,0.1998930264961081,-0.08305307231284785,-0.010070120554504796,-0.307286166842661,0.6536430834213305
ZIM,1001,0.1058511452499948,0.0007958815022177197,0.05464474413818527,0.06050697514187022,-0.996003996003996,0.998001998001998
ZION,878,-0.02890823211848212,0.39225216308780003,0.14676896565908013,0.02401547475756894,0.4145785876993166,0.29271070615034167
ZM,949,-0.08267736683416682,0.0108357230021795,-0.011955931610028142,0.02754217894685334,-0.9957850368809273,0.9978925184404637
ZS,952,0.06457970743132718,0.046367085838718985,0.10611103794473087,,-1.0,1.0
