tk,n,rho_infl,p_infl,rho_trad,p_trad,mean_pre_bps,mean_trad_bps,mean_infl_bps
AAL,920675,0.0270018485005156,4.6976603306782734e-148,0.0029945067818622,0.0040622615636116,-115.46914160418126,81.56774216989153,2.123088970677816
ADBE,1262931,0.0159040827278903,1.8750101821293423e-71,0.026773093224439,5.979318194890445e-199,-11.398659175993426,3.1877596125603027,4.644459618406835
AGI,715414,0.025334631360505,6.726125407353845e-102,-0.0056054408307451,2.1242325006955e-06,-59.53868137831188,8.663389637089399,-2.517092493972445
AMD,1005332,-0.0080703484825321,5.871357770317955e-16,-0.0097278858204173,1.7733186626316176e-22,-2.9214414641941344,-0.2923645377838977,-1.262276769774049
AUPH,610748,0.0493524285993205,0.0,0.0007367103965426,0.5647904035638116,-330.1932819665746,89.48302933134104,6.470421662575011
BCE,655283,0.0278363846971821,1.7708153097889686e-112,-0.0209066051097823,2.912605608631604e-64,-86.09399678166189,61.00900159152634,2.3031674374150684
BLK,50720,0.0208014665671294,2.7980857595950454e-06,0.0019453088140345,0.6613177202167937,-70.03053078824668,65.40000539934125,6.402882773202327
CAH,908761,0.0224938751800503,4.991486175596936e-102,0.001793122995787,0.087383458325981,-10.110926122104852,-13.797108787294766,-1.2406108789340486
CF,950382,0.0261087022289558,5.900231112696127e-143,-0.0032714571885225,0.0014263387420978,-10.400192130098578,2.9218558772150125,2.7345347808880334
CNC,1177628,0.0201939835704866,1.81102173157181e-106,-0.0068954949876383,7.265950833434437e-14,-12.574095622306414,-7.517479946332585,4.579955635215795
COST,988690,0.0108574731237996,3.587292680595154e-27,0.001703900218313,0.0902203799557421,13.901674478894831,-30.14526143613392,-0.5133902048174127
CSX,1026960,0.0263080171625932,1.2032302408839942e-156,0.0030130765828862,0.002262445555168,-14.331835460619372,5.909328767132709,1.6944375864674326
DASH,1242537,0.0219255637550737,5.951201027137877e-132,0.0100596318510118,3.494470008717917e-29,-21.93996434069968,-4.787195823767307,1.2465499286985489
DKNG,1345725,0.0232122335414507,9.512282100948945e-160,0.0315732338345744,7.716206920878926e-294,-63.30860410008394,37.1822733919249,1.6873698453470662
D,1382309,0.0219792760126556,2.805874956115449e-147,-0.000957545701293,0.2602495901497713,-14.966925659810622,9.044410992670526,0.060326495534537
EQH,913671,0.0228443156366208,9.928838268785963e-106,0.0001321840079083,0.8994553401999938,21.61268014117133,-44.87725852183504,2.667740889216513
EXC,1206398,0.0201667354645378,9.847870594115458e-109,0.0094128378037539,4.6981671617044935e-25,-9.002906336748337,6.201465034183091,0.6897968452296698
FLEX,1040844,0.0174638088585967,5.103211848699699e-71,0.0016630854387352,0.0897518397131035,-76.97710208304636,35.40930309747515,0.9294861543598296
F,892298,0.0343294359978135,8.095972820764258e-231,0.0015103615489379,0.1536636777221303,-48.05584360458456,15.365578499084522,5.92485612301009
GME,1078784,0.0332486570619413,1.8112697227301648e-261,0.013117344902013,2.850397869592764e-42,-14999.36030155481,354.35535498513104,3.692341897929771
HBAN,768624,0.02702079748064,4.182808731328734e-124,-0.0036403469453762,0.0014151583934285,-16.250513574004703,7.851085005298677,-0.7844799222925629
HST,765829,0.0307878660191819,5.810627814588709e-160,-0.0058048092353113,3.775954085425539e-07,-10.634248830665712,-7.816495386035688,0.26204420760345
INTU,923356,0.0283954625509782,5.414549937015013e-164,0.014399670377984,1.5128446185082218e-43,-19.49547791988889,9.920611314075472,2.51022946930411
JNJ,1729665,0.012134650685678,2.440116941239716e-57,0.0064621532144946,1.9140374605672465e-17,-3.937701929650882,-8.330453786768249,0.3282932885068338
KMX,935986,0.0282713342118425,8.93428538083883e-165,0.0059169185992681,1.0377157129583524e-08,-44.547939377971936,30.41550898008059,7.995098843700917
LLY,92962,0.0386349683535857,4.724629487177565e-32,0.005431552260569,0.0977112224766523,-3.410739852259728,-10.355494571694772,1.303811468899614
MAR,969225,0.016257768381647,1.1476512592708028e-57,0.0010599035004977,0.296732642701673,-10.221744076629063,-1.042192829139742,0.4668225569537156
META,1202049,-0.0013105482962099,0.1507583456471357,-0.0039550676401959,1.44921364186204e-05,-24.6643800039608,-0.5125853808509063,-0.6204262465621058
MRK,1722924,0.0154091108845832,5.639887428108239e-91,0.0085819430530796,1.9562973894235292e-29,-11.62485815185512,4.618359879991756,0.2000351023769666
NEE,1676891,0.0123708265339459,9.238050061532513e-58,-0.0022300551935695,0.0038793716785469,-9.484518222946134,4.02121700461812,-0.0301637778903482
NOC,572812,0.0289100428923213,3.617825013116605e-106,0.0002324357988459,0.860359048064771,-2.6571477377173505,-15.678960608628522,0.6421234344891749
NVO,1159511,0.0145342917410495,3.2488227048881453e-55,0.006666995195827,7.015540496314802e-13,-20.833511524666832,13.540906276403415,2.6113056251629967
OXY,1636561,0.0152181158768852,1.9972965165366828e-84,0.0085320328260745,9.766313491964806e-28,-17.455807687255916,6.959813331583093,0.1735417603064371
PEG,1134065,0.0186016250008296,2.391637356538699e-87,0.0014955887043947,0.1112300310629184,5.759062957604645,-11.296845935497688,-0.5280533332437596
PLAY,683001,0.0399965209374469,8.618983959113464e-240,0.0106774737029099,1.0993682227118724e-18,-107.54004536390488,23.117550043667663,3.1163674621574726
PTON,853920,0.0436280204159567,0.0,0.0194771924272469,1.943818180832718e-72,-179.38164128821336,61.49033599445544,5.806826700969051
RIO,1467029,0.0094638717229931,2.0242683325302857e-30,-0.0027581985152399,0.0008354929857805,-20.93682622584098,11.39967433681461,-0.2136902217185468
SBS,488226,-0.0286901653986773,1.9860933561762678e-89,-0.0432299942083188,1.2851306532177414e-200,5.195478152187686,721.4153400104096,756.2323408318844
SNAP,988598,0.0310166162847261,6.209174219080057e-209,-0.0004030164587892,0.6886323333782923,-150.89174560176394,64.16934247541568,9.608797704529785
SRE,959335,0.0221160241657604,4.455898170845443e-104,-0.0058400607157601,1.0644468347881116e-08,0.5721622127293826,-12.998500037397442,-1.08455708905929
SYY,1005759,0.0219907434811808,8.25335402213662e-108,0.0004555561044496,0.6477677581145755,7.670830598210525,-12.784122259181524,1.161115811777219
TGT,1425517,0.0220943474681614,2.16175117428744e-153,0.0132422196138534,2.603355829389281e-56,-20.656469228887712,15.919963212081823,5.749872579319892
TROW,892177,0.0278371217956471,1.9873179988742637e-152,0.0196341079268229,8.594072382758903e-77,-39.4103168926086,27.969724324560637,2.369938674640092
TTE,823817,0.0151281049887647,6.558259410705069e-43,0.003744384854127,0.0006773815970518,-13.694446473697056,4.9458074007806845,0.0434209208960204
UNH,128195,0.0083014808016017,0.0029556639666694,0.0120587008826411,1.5769791567907495e-05,9.751649855052234,-19.34648769496875,-0.01947868562236
VNO,820898,0.0278843044370661,7.001851567194948e-141,-0.0046801239707162,2.231524262639878e-05,-25.099759824652107,13.78604631090922,4.179410060074771
V,1606297,0.0151510826085995,3.457420013474401e-82,0.0090158149943483,3.07057634029926e-30,-7.626510211984303,-1.5223487983199324,1.4355176565286785
WY,1014268,0.0250260747455195,3.281860991357024e-140,0.0002825243901671,0.7760023807158333,-13.389127316143824,-1.0712496543100238,2.278820830112826
ZM,1285813,0.0372703066254613,0.0,0.0372272771544633,0.0,-131.93404996264877,74.20471519050464,5.563591191786838
AAON,74986,0.0573344733987029,1.2342155640549938e-55,-0.005822335088339,0.1108576111738561,-83.46345842276118,51.51587092867969,4.769335271873066
ADI,1318218,0.0106112940994546,3.8036665211775422e-34,-0.0020597621815574,0.0180354791881303,11.821079438527782,-23.48768503849074,-1.0566935377420168
AGNC,506487,0.0410503057680319,8.832861905951223e-188,-0.008448705288426,1.8228002409664631e-09,-134.18758105680004,90.88368780468365,2.910966914047885
AMGN,1083006,0.0199275846660935,1.5033288850619224e-95,0.0037069219739539,0.0001144531253762,-23.64673152475217,-8.08916364968065,-1.1159275454892257
AU,903170,0.0187258052145282,7.369345873436217e-71,0.0004991483895956,0.6352387017527656,-39.06457322953374,10.98033857497521,-3.868479146781734
BCRX,739101,0.0422720610422322,1.9715865791186465e-289,-0.0249097421599769,8.995655058174242e-102,-822.0998344048006,245.05554157215025,0.9197650279844072
BMY,1502282,0.0203356290263027,3.750401571126951e-137,0.0085018963166305,1.9937240580260708e-25,-22.95825555602343,9.862668303933006,0.9086627528475342
CARR,1304534,0.0192163742679032,8.618767218781623e-107,-0.0034308674305952,8.905955687050514e-05,-15.257076686467215,7.291392444555879,1.5058724529273473
CGNX,685335,0.0353402354093614,2.8526050022409107e-188,0.0060904511433957,4.606545659167608e-07,-61.78926555645853,43.35933341444151,3.835786417429846
CNI,696193,0.027389714469733,1.2244286067212926e-115,-0.012425024920088,3.4817253722574536e-25,-37.9619703264652,18.878593175207104,2.778381650436662
CPB,1011202,0.0279778177675096,3.2162345435269168e-174,0.0011655743421141,0.2411635368783867,1.5649698290556462,-2.78634601846623,2.4161842012342105
CTSH,1249361,0.0225718228455356,1.7493336167931606e-140,0.0008806780042273,0.3249309468636459,-16.714081513140968,7.899191034280603,2.233971860235337
DDOG,1342287,0.0271769560640605,1.1100202508330442e-217,0.0250699880428661,1.5431901603123173e-185,-33.30173763791427,14.562992790571172,0.6011800820562361
DLR,805996,0.0311882061900512,1.3467909566899713e-172,0.007941452258677,1.005724416183062e-12,-31.442834669868983,9.56799172232431,-0.4556173833345786
EA,1011817,0.0230549319070708,5.258184286006878e-119,0.006834032361159,6.226684368805897e-12,0.2193024259736614,-13.760122273368996,2.275884272060373
EQIX,506956,0.0339097887065988,7.298622646325255e-129,0.0095254573306826,1.18242315634045e-11,-9.826974718068737,-27.483726236437956,0.0633166496524858
EXPE,1027265,0.0255492015551502,6.772124544039667e-148,0.011308465464646,2.0486438563682197e-30,-16.664846121686587,7.431390862405336,1.2606304640957386
FNF,630754,0.0309532060858431,1.6610168194378619e-133,0.0083739624441207,2.916898596831266e-11,8.738614153667864,-29.608553239532142,2.359685387121667
GDS,678298,0.0304057947941463,1.8538632242791462e-138,0.0043661546681515,0.0003232406295974,-54.03412902011656,22.829911028358808,-1.8045512774195165
GM,1456770,0.021248036843298,4.387548990630238e-145,0.0049687781790748,2.007678873681493e-09,-13.436394361143728,2.878811385259384,1.8454185229263205
HCA,683641,0.0241930668620239,4.849309628231486e-89,0.0032607628178831,0.0070159707721104,-4.545047967812106,-12.354460792100689,2.5691015858156274
HWC,507986,0.0374188590353842,8.278860470331117e-157,0.0089455503158971,1.8190801011051277e-10,108.61673930871748,-181.950222644414,1.197282919135214
INVH,1064460,0.0204859391715385,3.5520941323849614e-99,-0.0006607952861995,0.4953910884061114,-18.38425738268212,13.22154505938743,3.809728026869237
JPM,1763083,0.0067292379354406,4.062461818588188e-19,0.0061103383168725,4.920382598438699e-16,0.2334936082184439,-6.148074121475945,-0.283704652805417
KO,1436138,0.0113150457702043,6.889414034173842e-42,0.0026850304077453,0.0012921572561749,1.5310656480405422,-7.443844773457346,-0.3760565918264433
LNC,877510,0.0249871619176989,3.343181960643943e-121,0.0015734481040477,0.1404992949180574,-145.7170715019767,-6.656226360812497,3.829880230027012
MAT,853413,0.0327595557551865,2.722233132229015e-201,0.0034029059849793,0.0016687133789141,-27.536035796248758,16.841888884228208,5.279130302646931
MET,1377308,0.0176817700404382,1.1587128801742922e-95,0.0001334042891723,0.8755904575352036,13.920677647273616,-21.089804576528383,1.991250361803233
MRNA,1276050,0.0431837949382073,0.0,0.0525843434549426,0.0,-158.35915980893787,100.09484444939407,8.796538509640346
NEM,1622823,0.0060466098286708,1.3306975299255201e-14,-0.0033329323725089,2.1778239854781985e-05,-41.38096835115287,26.79374798709034,0.2696053527745469
NOV,962555,0.0226942797247745,7.520888764496818e-110,-0.0084023426138061,1.670161970516417e-16,-69.95189581185922,29.33970757119795,2.1316533845717545
NVS,998115,0.0150425146405339,4.7295231580256565e-51,0.0047201728041042,2.4083109344485467e-06,1.8191220679647664,-11.468037616822874,-0.4254849166387606
PAAS,1052576,0.0200712873891005,3.092736931328621e-94,-0.0120152343858801,6.443411729538781e-35,-98.17160825528656,41.80787036758238,-3.173507294805963
PENN,1205118,0.0321032767724436,3.272382417070932e-272,0.0076638097132621,3.9869619806085474e-17,-62.16784494824894,25.07124769246712,3.716838008745901
PLD,1242320,0.0224809686727497,1.348306057037983e-138,0.0045187367603088,4.739281377503232e-07,-33.85718271953425,14.29811228426451,0.8376700000824402
PYPL,1500539,0.020432680612321,2.7483072945556965e-138,0.0406922416825839,0.0,-47.428345389196025,26.886268479311333,2.794777032684041
RIVN,1180979,0.0416470611101259,0.0,0.0334225473894616,5.17803938922585e-289,-113.61193736374962,59.83425256288664,4.334329120143413
SBUX,1486666,0.0290561113775992,4.894244519442389e-275,0.0242086139111511,1.5207834155280418e-191,-3.821703045822284,0.0395158512129261,0.8309440345729358
SNOW,1374637,0.0253441987435419,4.295369269622662e-194,0.0165794365869838,3.5510169167371113e-84,-120.75181126849724,63.59012892607786,-0.1699084148044373
STLD,893056,0.026991008035122,1.4673311997443357e-143,0.0061732203220103,5.416545692466227e-09,-0.2277513332114905,-10.785739279829668,0.5549303967291728
S,1181077,0.0316238590139594,5.653898756191757e-259,-0.0055242700233461,1.929058310122147e-09,-120.0927397770601,81.81251105321951,8.544109419133923
TLT,1245767,0.0173330103463524,2.140204228068411e-83,0.0179496131011728,2.681508483645692e-89,-20.21075381170448,16.301420361541926,1.2231748124801645
TRP,773095,0.0307917003504956,1.683301306862068e-161,-0.0045504955886655,6.305540652226318e-05,-7.850076678638919,-5.454505574995647,0.0092222955264385
TTWO,847459,0.0278412018428657,6.238075340320463e-145,0.0073004000225258,1.8091811802909477e-11,9.143118274965602,-23.03624468481623,0.0850700298785726
UPST,1237911,0.0316236779503611,2.4938843731326637e-271,0.0159889638330373,8.347286235800607e-71,-228.94316135754107,80.4869375325128,13.387641748193191
VOD,443289,0.0279818851628703,1.7055745950250262e-77,0.0097801989311016,7.42609326826516e-11,-155.05622238300134,82.41224351171473,-1.3952637860936596
WBD,798889,0.0437378658468489,0.0,0.0256888803519897,1.0525351697606691e-116,-256.58916395734724,127.15017955947503,1.3464290622705188
W,1259004,0.0316467020728633,2.5787022015967808e-276,0.0161373453896045,2.749526482342332e-73,-93.50117330077474,33.00511560072259,1.7523551183823003
ZS,1024277,0.0270264308290302,8.796667743601927e-165,0.0271281351303075,5.209145459869916e-166,-36.89045760879389,19.72655415640953,1.1485042955214158
AAPL,1029460,0.0016463408339901,0.094837379642118,0.0013832253687627,0.1604822881778317,-1.099409215071467,-0.8396806079971529,0.3421897850407396
ADM,1094658,0.0240035293734845,3.202705495246719e-139,-0.0042705855447453,7.889748279873058e-06,-11.106142258449244,5.518560955036745,1.2538099930724886
AG,758756,0.0294073040561888,8.856263352129768e-145,-0.0326481526787926,5.425184047141017e-178,-527.4201634002766,246.58306532634387,-8.747154763872192
AMT,867669,0.0301623205501171,9.213793397479747e-174,0.0098903728721323,3.1722092915684264e-20,-24.866567517404945,11.197548710405483,3.0301102312106867
AVTR,1030945,0.0291735785955772,6.554109035386271e-193,0.0011952972357924,0.2248815846761834,-47.4514250211801,16.225781872902775,6.53981888469797
BCS,552211,0.0209672820365706,9.550603445177191e-55,-0.0082784897993453,7.65544341293293e-10,-70.86932066741888,6.162339004826045,0.5146874893011129
BND,560204,0.0232006184930699,1.4615234770426911e-67,-0.0269496707004409,1.637527258347636e-90,-26.535506092900924,20.18569650857241,0.6532017216977734
CAT,1174170,0.0056811406882856,7.456875884893757e-10,-0.0038240182378795,3.4177143834429415e-05,9.612218007323568,-26.984728317200123,-2.093493192269196
CG,1070384,0.0257753864427534,1.0093957213221524e-156,0.0100664749441529,2.1188074227358044e-25,-9.297866707729366,0.9252992784354548,0.4643135642020982
CNP,1026861,0.0283548627690293,1.246580527541797e-181,0.0103081023459382,1.5300899977085322e-25,32.76089182943039,-57.51175096928026,-0.443137693810082
CPNG,1036533,0.0272503882233307,1.8009820291097584e-169,0.0069518412090251,1.464979604173991e-12,-53.72826781736688,30.824452732264948,5.674803225300404
CUBE,729951,0.0315968883147857,1.3932124692967075e-160,-0.0011845278296251,0.3115257768955308,-19.15135672292135,14.561280973445443,2.829746063902782
DELL,1403988,0.0162553054208634,1.1160916092781528e-82,-0.0023191652757014,0.0059963634873309,-27.542809447664474,-1.9763159372232733,2.0345242811317275
DLTR,1007824,0.0189877846035271,5.065130992696947e-81,-0.001468838149919,0.1403276431033924,3.9752927746343993,-17.46214152531042,3.1411145938073344
EBAY,1286130,0.0221099151105369,8.77997312364638e-139,5.451925098583692e-05,0.9506990463317084,0.6572188172428846,-5.470397887713886,2.178890463954217
EQNR,990911,0.0157947278538877,1.0398969300940206e-55,-0.0097549617817162,2.713386434103656e-22,-43.838222254141165,20.552727646659527,-0.5653315073938822
FANG,1052747,0.0159845342425476,1.8591930493984582e-60,-6.184528132962414e-05,0.9494039344330252,-13.724270141068413,2.4008427606121603,-1.554341188394902
FOXA,1153292,0.0255723892560905,4.351478143055411e-166,0.0051916814635574,2.4688701871861515e-08,-11.198848746283414,-3.519927176194109,0.8390995976507558
GD,690815,0.0254421706776013,2.7760379650594264e-99,-0.0002120883625452,0.8600759200877299,19.00001269985518,-43.98739710946083,0.8326894018326214
GOOGL,1217310,0.0196628726118291,2.2152605343775436e-104,-0.0031664398959098,0.0004765644104759,-0.3582051516261935,0.8949520438848247,7.042121104643711
HD,1270954,0.0223161655329557,1.055216147589074e-139,0.0056775710049037,1.5462006236523886e-10,-1.0353480465896547,-16.51251772677478,2.872055569520266
HWM,968591,0.0203139456344782,6.15941540170409e-89,0.0022616939671139,0.0260214298983018,3.742953118519356,-22.800743420525997,-5.938359467991614
IP,1148082,0.0211271960725101,1.7506560960785848e-113,0.0067670825281888,4.1398522287775924e-13,-14.238248967917272,5.154606101601886,3.192713175286582
KBWB,868186,0.0287432670291503,4.523001226081901e-158,0.0016404237170188,0.126391366388872,-1.555368831312568,0.4620621585732585,0.4585528550489832
KR,1326579,0.0238606790804278,2.5845982964357153e-166,-0.0033059218029149,0.0001402792629383,-3.869443402566776,-4.132159133761698,0.0019238449301618
LOGI,616877,0.019388065702839,2.2675474168258327e-52,0.0064117582910268,4.755248301692301e-07,-33.24824668908277,17.047445155549813,2.160350203298429
MA,1066470,0.0219490739545551,8.956456969790697e-114,0.0098238659395366,3.475566512539822e-24,2.9617946588537505,-20.219227781261267,1.87149179315662
MFC,533810,0.0317812895770852,2.4899156001636773e-119,-0.0050525911692625,0.0002228877596307,-539.5486927587377,9.712668095474127,1.5069172845114849
MRVL,1486787,0.0190452148808035,2.566305998390212e-119,0.0390749498072144,0.0,-125.20623808863375,15.787228606262236,1.3985284819626829
NEOG,734136,0.0431885660350189,5.083924362092403e-300,0.0055550091352689,1.939223124161023e-06,-75.38519884501248,41.88658287714204,0.1728739978657514
NOW,883913,0.0144453588495794,5.1396893935132464e-42,0.0115294317282362,2.2264110213430326e-27,-33.61875105173044,1147.887832400917,1130.400985872297
NWL,742959,0.0376496407056716,3.4834198414731506e-231,0.0037900868844664,0.0010874196764299,-104.8080931884933,62.39226252618196,7.477392866679751
PANW,1182952,0.0087618050342552,1.5754534318880529e-21,0.0001890172710849,0.8371176208922881,-8.930132256232314,0.5699468961200705,1.7690297158031647
PEP,1603883,0.013089926406895,9.990283436845798e-62,0.0171726645301717,6.93479205809e-105,0.3068906920584983,-9.94038843707117,0.4273395809061066
PLTR,1036824,0.0135969340362167,1.3516983025480304e-43,-0.0036697039848879,0.000186475003135,-136.02632292524257,49.22876569445036,-1.4666571194870195
QQQM,900499,0.0217548062294368,1.0483096226217016e-94,0.0030887306699201,0.0033782674250545,-3.3427916831743603,1.853731969395744,0.4423448659925015
ROKU,1265625,0.0326708636426731,6.820536105901028e-296,0.0228213481990764,2.094169681084422e-145,-98.03230660879753,32.68661136161793,6.229663545706432
SCHW,1621734,0.0091549893803726,2.067707326546741e-31,-0.004345441654965,3.1332094529380493e-08,-32.90156619509158,3.3371409216742283,0.4192763431400487
SNPS,791969,0.0195331797380334,1.0770576854210922e-67,0.0097592289398758,3.781145363902577e-18,-18.757858887232565,14.636278923083406,1.5939766628549414
STM,1423442,0.0102063794518226,4.104376211778355e-34,0.0001405650051689,0.866815146565726,-44.29331848508103,26.193948529568964,2.578209433210912
TCOM,1131356,0.0143777400515528,8.424095562850872e-53,0.0147092987288876,3.5151319658619745e-55,-10.839930097686336,1.9493774518490683,-0.698180574984513
TME,783357,0.0265910908317167,1.6186973899016095e-122,-0.0003327861892222,0.7683452013939677,-55.12535247289441,20.16864955144535,5.209550959352439
TSLA,507728,0.0055408287362362,7.87607321897882e-05,0.0394486763521975,5.572452503618155e-174,-9.457959446898066,10.070631096459502,4.417657442305207
TWLO,1154371,0.0324413912130019,2.5488569647474583e-266,0.0083772919123258,2.239777055992606e-19,-101.16595862340596,52.80651701847486,5.641712381464722
UPS,1308529,0.0220290785329897,3.779106213680388e-140,0.009805591614456,3.3661210203793975e-29,-24.7883788736424,15.790810056926174,3.875470418933869
VONG,538143,0.0336057045767106,2.913600382735403e-134,5.289003614486669e-05,0.9690505587278296,-5.789895180841196,6.250734598357668,1.725917315911361
WCLD,240595,0.0498435805749967,3.606831625837037e-132,-0.0005853464882721,0.7740251709305384,-18.930309870476663,16.340306978651924,3.15397518479524
XEL,1420091,0.0186843820232559,7.609119929430594e-110,-0.002563556147572,0.0022511311303211,-3.960074494996452,-2.6108556404690457,0.1628317086535124
Z,1137256,0.0280744113895684,5.105271179156887e-197,0.0040934788564824,1.2689636612741237e-05,-47.34862799646506,27.94331605224827,1.530336162662583
AAXJ,520178,0.0239890851362979,4.374334098464484e-67,-0.0060350370482054,1.3447045004401868e-05,-215.58559532590832,36.19592631874749,-0.1947780691766371
ADP,903271,0.0213417409960489,1.723667564844191e-91,-0.0001923972852644,0.8549116151365712,6.375449370535808,-22.84877986786759,1.4327266454997385
AIG,1279892,0.0232785388759865,6.843821538965006e-153,0.0059889181539199,1.2401473579149854e-11,15.293991616622677,-25.248658838142564,1.6621055085803793
AMZN,1128217,-0.0086070325819978,6.111581696203657e-20,0.0464091546113913,0.0,-28.04142585511353,21.628687433668087,5.016977123625379
AXP,1268529,0.0118496983681774,1.23894389479754e-40,0.0082890746650853,9.999280419430731e-21,-16.619793745216665,6.164130688489309,-1.9186325971845315
BEKE,1051601,0.0224628580289671,1.9404237267779973e-117,0.0197603598133413,2.5811016322804406e-91,-176.3811346102188,37.29060431069594,-2.980092136056945
BNS,679255,0.0274868242344878,1.1625260040719049e-113,-0.0026585122901275,0.0284471617035793,-15.720091477970026,2.4929309668190416,0.7602596648077108
CCI,972439,0.0286152362171069,2.977702336482803e-175,0.0057593713915469,1.3509722833367064e-08,-23.958114496509488,20.194183166196947,4.096705028833079
CHTR,746265,0.0403415513581059,2.627143494194461e-266,0.0172036175417349,5.755746103000388e-50,-43.73711611804155,35.768123835993805,11.153291339223436
CNQ,1122944,0.0206189674096135,7.436503181562471e-106,0.0038442611949453,4.626459279365064e-05,-11.532177049001865,-4.663232508539137,0.682566327964895
CPRT,1180286,0.0183332545917217,2.780629877850466e-88,0.003406315494721,0.0002150386331404,-4.22762839860805,-0.6518671640212468,0.3738735761715785
CVE,982413,0.0246854897589102,2.997052276229507e-132,-0.007059080779935,2.618566321613503e-12,-48.84613994952682,-4.8476196695956615,0.1826354095889095
DEO,541961,0.0218427008667502,3.4095810338284324e-58,0.0040595844254766,0.0028026766504072,-12.557456299847766,-6.450259512788831,2.938294440822025
DOCU,1212809,0.0361760449791046,0.0,0.0108622415764177,5.5742129637255874e-33,-167.56036399888913,94.85140399500608,8.837114448471967
EC,428856,0.0502510279821209,8.553185969516184e-238,-0.0205468631648649,2.8033961943169063e-41,-96.78500150466616,47.01293604512108,0.7338524272999
EQR,853664,0.027142778312581,7.649805793550157e-139,-0.0003016731271283,0.7804541224718679,-20.06337545997815,10.139580731826982,1.8228101022976275
FAST,1311728,0.0214768162706891,1.252009561471844e-133,0.0053457802155336,9.20622666918337e-10,-1.9089735185689876,136.76806789058654,136.6986329589436
FOX,822491,0.032155737324636,4.665917564561008e-187,0.0020472332742702,0.0633593452869658,-12.83149996131658,-1.0848191370097364,1.5671799018763288
GEN,647706,0.0282363271781567,2.3083458089575208e-114,0.0050985205426454,4.0726781117541785e-05,-9.010167982338553,1.114357218481766,2.2203832151122325
GOOG,1360603,0.008336084261489,2.3875908766341206e-22,0.0203564682316928,1.17391171082193e-124,-14.141687164774082,15.533132986070536,4.206378204224457
HOLX,892876,0.033928867385408,1.1820293058572187e-225,0.0052234569462323,7.983033772586537e-07,18.36167446782868,-35.72319518370449,0.5767267188933419
IBB,1522763,0.0217557858678453,8.467081354782766e-159,0.0010975857786125,0.1756013809645614,-10.391367832393025,6.283458501056148,0.6116101753333798
ISRG,966568,0.0276260166382469,1.663678461625518e-162,0.018402359346955,3.576695243644195e-73,-40.184377707301685,11.551860818981844,0.1671101509651479
KDP,956307,0.0252924716488745,4.208082078805027e-135,0.0030719856899133,0.0026634397533169,-14.662439196366426,9.33156328261451,0.7542865639255774
KSS,1187965,0.0287549889428195,1.0488123805022514e-215,0.0046556214601692,3.887998380348102e-07,-92.39873884132876,48.00769027063976,1.017672294725216
LOW,1139402,0.0285660276398924,2.739644689122645e-204,0.0074820209876137,1.3868894200402458e-15,-7.622322082245502,-6.50456719107792,3.24875692978638
MCD,86756,0.0155250337946788,4.807653116624362e-06,-0.0029782166567944,0.3803756788104526,13.13110285442106,-25.70380338595113,-0.3471275833089337
MGM,1348458,0.0198492915580226,1.408829190718479e-117,0.0030800673157415,0.0003479916291031,-3.929103944235136,-0.6245693772399066,3.179592545321903
MSFT,1171577,-0.0122562416341363,3.6177476016324366e-40,0.0327376348445311,3.527486906357958e-275,-0.9971738759485904,-2.522830530415373,-1.0063441826535795
NET,1250683,0.0235779892710155,2.884045042821257e-153,0.016202747135736,2.1625639542376552e-73,-125.88667815611235,57.830394445128704,-1.762449289153452
NRG,1012947,0.0196621905005657,3.562421269604428e-87,-0.0030080655429907,0.0024660305658415,-2.914385600017379,-10.936784501196056,-4.060840570739583
NXPI,1021034,0.0155871970002443,6.737751111818176e-56,-0.0011106209368389,0.2617606111408208,-6.52738071582572,-2.4955971436609867,0.8553780633343522
PATH,1252671,0.0297809919728574,1.0488986575497259e-243,0.0037494572899331,2.710623509305694e-05,-142.78280568413348,46.73978332012061,2.6882329413002424
PFE,1168809,0.0265929828545223,7.816553220585609e-182,0.0079166027967729,1.1396864590670274e-17,-38.479576456543526,28.25374451374057,1.6904418992778572
PM,1276444,0.0159250226798893,2.203212090069742e-72,0.0025058362894344,0.0046389516135936,-9.778104624156324,2.5577577354643943,-0.8392147964333334
QQQ,872234,0.006712214264766,3.6376784053585165e-10,-0.0024719458124616,0.020963779765694,0.408286961732625,-0.8836361125950781,-0.0708574628906741
ROST,1140342,0.0201494860707112,1.0303030655385777e-102,0.0097470864618677,2.25964642003796e-25,-19.029024362412954,-2.0726086000752173,-0.8951253747920449
SCZ,591731,0.0214023812875566,6.499885811062839e-61,0.0146281918326435,2.233991848852755e-29,20.894596572457967,-31.287780764272167,0.7961402361544123
SNY,825146,0.0154866027780121,5.9337327951926e-45,0.004112134116405,0.0001874379712528,-4.706520092660949,-2.6744734716342613,1.8907940508523349
STNE,861570,0.0319105254009908,6.690142384757891e-193,-0.0007376571637722,0.4935342941462964,-246.12038522150323,127.19637746107546,4.24597454207658
TDOC,1163511,0.0316204488150349,4.234157665926971e-255,0.0013468463736983,0.1462818866004437,-295.69672337922646,93.7712380094724,9.28922261250193
TMO,808850,0.028970191071301,1.0340515676983733e-149,0.0046006489099545,3.508670386313585e-05,21.52474015520556,-37.57353031705629,2.9786264912452136
TSLL,842025,0.0224291957085592,3.816832617031621e-94,0.0010244369612731,0.3471960800407175,-10.016682084607636,5.055149686463987,3.838148544593067
TXN,1415953,0.0184168097908131,1.8002419412151466e-106,-0.004654770311546,3.0435256502836725e-08,5.512082762005741,-12.63224425945735,1.978897234604324
USB,1542482,0.0175044595859803,8.293994927040645e-105,0.0050713505768603,3.00568038259738e-10,-8.894911390197821,3.348908037427792,0.4902288684599033
VRTX,749441,0.0187746376868287,2.070196898285616e-59,0.0234534279198056,1.1276011646046253e-91,-30.92867657609413,14.016672110964736,1.2761552314248217
WDAY,990880,0.0293527306056903,9.379471120164754e-188,0.0270507758781063,9.261431934495305e-160,-143.47689351648708,47.80024794878096,4.410385920458239
XOM,1862454,0.010330893967191,3.8453988668521386e-45,-0.0044205254611725,1.6114867767780355e-09,2.713040801806558,-5.791429831826694,0.2900508975364029
AA,1433881,0.0201499924017149,1.182387082472104e-128,0.0052327568846502,3.704637754980987e-10,-39.0954540660079,14.686863410507778,1.6171901885543742
ADSK,870811,0.0249909945759949,2.5004996019634623e-120,-0.0014212637712258,0.1847459434058025,-29.96452714649137,19.67839840361758,0.8612500463023446
AKAM,866579,0.0322207879320117,9.199765205056192e-198,0.0007900690510116,0.4620495833287851,7.607983777733005,-14.046454947941658,2.6294138429771463
APA,1376372,0.0140223655327342,8.157886552678883e-61,-0.0006107288628899,0.4736828599808942,-20.41922123093617,11.634262943186371,-0.0493627488563993
AZN,1307796,0.0103101153236217,4.351919419707487e-32,0.0066839569738354,2.109384507982857e-14,-10.229153576853175,-2.292161495517501,-1.8813107778421687
BEN,965047,0.0251448589195762,9.361847277670196e-135,0.0022273624323664,0.0286630773928177,-40.87260068509359,16.917258189729672,1.9093758829103291
BP,1087935,0.0097546985097732,2.569719644193986e-24,-0.0070898445449596,1.4131828803654426e-13,-22.39933886747279,2.1659616636408536,-0.4628608034690395
CCJ,1338333,0.0195800270413574,1.2866030909780648e-113,-0.0027026590447416,0.0017683421273094,-27.513686809963357,8.44646620851762,-3.0259099827284976
CI,742575,0.0223245067435874,1.7115607582497663e-82,-0.0047616343464245,4.073873472913108e-05,-7.476391772684408,-8.386847011938764,2.1657849634230617
CNX,890258,0.0307281880032563,6.594332965676011e-185,0.0046940477851818,9.466408023198686e-06,29.718651264588296,-56.68124676893808,1.463192612672127
CP,954718,0.0238358899527182,5.189875884526464e-120,-0.0013914467606338,0.1739638383990632,0.5708183012305948,-8.166048356819028,1.4572750989954308
CVNA,1241162,0.0598971064532038,0.0,0.0466514269317313,0.0,-243.28288382173056,1013.8842782216586,1006.9467088083392
DE,798092,0.0239349462831726,1.8211889687485852e-101,-0.0048888752911351,1.2565111947830096e-05,13.239463076468835,-30.30390067315486,3.699271684677637
DOW,1509107,0.01838792026638,5.353770848808722e-113,-0.0017169429033931,0.0349281317131548,-13.049330385537736,8.323193748699977,2.9298517460271976
EMB,947193,0.0174648806107678,8.386603381914224e-65,-0.0138250733917868,2.8495912066527305e-41,-23.485605280380632,18.84290984403534,0.1857837908170556
EQT,1529264,0.0160990069960691,3.3427726086988754e-88,0.001536999034257,0.0573406566993913,-16.18381736193924,1.9699484741860007,-0.1547068605329731
FCX,1532276,0.0011865457744418,0.1418960995610181,0.0001175740279353,0.8842852844139173,-10.017286901371357,-0.3466396798360535,-1.7437541752911785
FRO,725113,0.0229488667779216,4.611071124054731e-85,-0.0041382411783915,0.0004252944696579,-66.99360705889721,10.814652662582567,-0.2295341533384773
GE,1497927,0.0083555437011326,1.5086524802862991e-24,-0.00016042109581,0.8443448842393966,-0.6411714217625137,-10.52911685175336,0.3536832050081036
GPN,882920,0.027847174711522,5.6393271105266385e-151,0.0063629366766399,2.2463479049111623e-09,-58.61400804719262,43.59423040651574,4.314127142172192
HON,1257369,0.0195728282299693,8.741358406474359e-107,0.0183415553622625,5.251486445257224e-94,-2.748403557016975,48.60654549202933,52.92658677317904
IBM,1415001,0.0155457260508948,2.336464731060776e-76,0.0027164637332931,0.0012321113711611,0.8847488889995275,-5.01368963719404,-0.3857539964230545
IUSG,285628,0.0457414147698805,4.054886854396797e-132,0.0076805442403356,4.045839720468287e-05,2.8759732242744005,-3.929073641874965,1.7625599297017382
KEY,950450,0.022789434308639,2.1758782035436616e-109,-0.005157495560488,4.953064130755659e-07,-24.57015198949502,4.810382090836844,2.220958374186224
LAC,632533,0.0410905066418009,1.911783385471628e-234,-0.0154115529633901,1.5256522693449727e-34,-211.5336067321641,107.30763807037168,-8.439040659229317
LRCX,1093714,0.0062490055103783,6.347572665269347e-11,0.0098531714936696,6.705734721351951e-25,-24.4068242852916,10.615892194906412,0.601824268702287
MCHI,1072563,0.0119562611829075,3.2350404619486667e-35,-0.0063538697059894,4.69122438283014e-11,-14.138783958967196,6.111094468298884,0.3744881878222279
MLCO,670223,0.0380706493802849,2.0783106994111025e-213,-0.0001725023073906,0.8876942051246569,-112.41553239432832,65.83854964109084,4.6197476241392605
MSFU,172308,0.0469720293892217,9.257977113603921e-85,-0.0143972155584833,2.279121021761287e-09,-68.30306875602174,30.995971937039197,-0.6468486740678812
NFLX,1322492,0.0723728742048665,0.0,0.0863688752172986,0.0,-47.29511329186997,1068.913353090404,1042.6874502891694
NTAP,1078783,0.020947400945596,5.643853944067021e-105,-0.0051065495329829,1.1334231017429964e-07,6.9461339209607145,-8.818701244508473,0.9560713106719682
OKE,1307306,0.0178736248717724,7.703508798389586e-93,-0.0010468259499105,0.231340222914686,2.02478116665275,-8.676735001384593,0.4968584718389721
PAYX,917320,0.0197905374482235,3.896826394805114e-80,-0.0109187427114614,1.3477843465506688e-25,-10.097786553735297,-10.766483399137543,1.398596062085386
PFG,916047,0.0295720770628535,2.6260790031031318e-176,-0.0019838814330571,0.0575935358990175,-4.577825522151673,-7.005977042723615,2.278124601768315
PNC,1017695,0.020541382080516,2.083400961881648e-95,0.0055367035432727,2.3301448232759445e-08,-19.021800970475184,-1.649074201012112,2.087673212269637
QTEC,151762,0.0588689428110655,1.3726876175462095e-116,0.0028756735277584,0.2626034311203227,2.167551966838692,-11.101827661738556,2.986635938850528
RRC,1140992,0.0226927408888818,7.865845633890913e-130,-0.0004832168422131,0.6057438547634885,-31.086332497707406,5.9599968039718565,0.8897422089287254
SE,1300448,0.0234577115090547,1.1042744189566762e-157,0.0098165225121602,4.3264491071430086e-29,-450.7398047752841,45.56402235100183,2.154974181193457
SOFI,924165,0.021359420867682,1.0294600809517124e-93,0.0054108754321413,1.9747909910224154e-07,-247.63125498047864,73.11612760541384,-5.109575226896892
STT,1101866,0.0194350000213096,1.5795698366636033e-92,0.0024672801963233,0.0096003754659743,1.348274903542889,-18.6042929064394,2.489515149002264
TD,871546,0.0216639812408407,5.652344515692365e-91,-0.0006239385916366,0.5602385261496616,-6.705458426594128,-0.0019287999571584,1.3134575808508973
TMUS,1280109,0.0122681312209858,8.269232600536072e-44,0.0015596005104442,0.0776375695197296,12.428360953451744,-23.450552939150967,0.5993050477671706
TSLQ,820363,0.01902974660345,1.3887555643799722e-66,0.0049442641611732,7.526341095036387e-06,5.475792776929858,-616.7335260611253,-604.915621090785
T,845301,0.0291229750369871,5.32533223960411e-158,0.0019142087047653,0.0784201299290252,-103.96282139003792,3.0888985538035105,3.411787299713322
U,1545079,0.0296458985012095,2.1549145729186017e-297,0.0201741328331866,8.383085746922296e-139,-108.0335272644586,50.94473693267328,4.473655670639467
VST,1189569,0.0070883323971668,1.0658242923605411e-14,0.0179802459939062,1.2178561552094552e-85,-19.18905242198888,-24.09179508785697,-6.442017597731478
WDC,1394919,0.0056172500433582,3.2583745049450527e-11,-0.0005297082739116,0.5315639632982003,-8.660748347327225,-1.715363559927525,-1.7935207468987824
XPEV,1156230,0.0249407058732138,1.7699467791651874e-158,0.007226225777452,7.828876493441021e-15,-76.43470353607076,37.80237617546656,-0.4781516395735778
ABNB,1429736,0.0266566021516225,5.161078309475698e-223,0.0302155509326639,5.862859248896294e-286,-54.75366967963598,35.70616280242064,4.63458725519451
AEM,1097404,0.0158043629707559,1.4205284079464545e-61,-0.0022465156527062,0.0186034180767981,-49.76641635084821,23.659347843392812,-4.361349340858319
ALC,641991,0.025125569740455,3.655189209238702e-90,0.0028329150552887,0.023216403449394,-152.45390321188654,-9.011096276241442,1.1841557804309666
ARGX,402593,0.036517201620689,7.608159313633464e-119,0.0027946244536906,0.076196693726656,-544.6123262190877,130.11461831147628,-7.72590109195928
BABA,1526017,0.0191895221334621,3.026412650120696e-124,0.0268153420429861,1.0470048888305028e-240,-18.70163746151066,12.545230950493224,0.5165768429439477
BE,1174385,0.0188487005266796,9.438268552708719e-93,0.0004327565997888,0.6390884215257557,-55.41711393614435,11.287111379814494,-7.062395681293811
BSX,1462424,0.0175732961586465,3.083586162004049e-100,0.0035648926914445,1.62473402097459e-05,-1.9914557751025623,-24.296793814784664,-1.252527685497856
CCL,1147549,0.0206095493118403,4.917013779317607e-108,-0.0072759180814799,6.4751989697772306e-15,-25.29153710150217,14.86537149386089,0.7222058233976767
CLF,1121802,0.022920958008344,3.194457669909438e-130,-0.0046431145473746,8.752987124944916e-07,-91.38341254268248,43.74293024561506,2.275123957550057
COF,1261935,0.0188607718227025,1.1992285021719972e-99,8.025255426688359e-05,0.9281661698145384,-0.6773429154412616,-17.318903040536732,1.1739091207477117
CRK,911124,0.0293004241539477,3.362352743753046e-172,0.0009520324895182,0.3634869750959424,-115.0974369918793,17.96834507503943,1.3335211056446608
CVS,1589361,0.0231669852879461,1.4272608333275522e-187,0.0043037983323086,5.769118693167306e-08,-9.615623213200116,4.159755573616265,1.64560948798492
DGRW,298286,0.0461719237840015,1.8585421973983804e-140,-0.0002659580717909,0.8845104119675549,-44.43306223936488,9.338874494027726,-0.7254296360174304
DTE,763509,0.0324284317448871,1.019585141925186e-176,-0.0039936418215864,0.000483721278232,5.741541213831825,-14.22016703818509,0.0810861548523312
EMR,1211739,0.0200249669035944,1.0556855204555237e-107,-0.0003855221263985,0.6712897648908032,-6.517808451592717,-3.762193587242056,-1.4244364882569578
ESGU,476127,0.030710632562771,1.0423023117596164e-99,0.0070237442361732,1.2561554964266546e-06,-33.30757867100245,5.493037373714728,1.2127111403895516
FERG,588055,0.0311344525277401,4.8129286496393594e-126,-0.0005730276115806,0.6603544406826224,-110.96017568089106,35.25388766891433,3.061321433798636
FSLR,1031379,0.0240661605729474,5.780465046932457e-132,0.0106887311379726,1.8791288757979828e-27,-45.34253941915055,30.172277869462704,-2.386565771965598
GFI,863608,0.0241477550338305,1.4688220627440557e-111,0.002038640078166,0.0581563030935124,-52.7275773441208,23.65966279736725,-3.4139344767995734
GSK,971421,0.0161635567890735,3.804093827850777e-57,-0.0023842775658613,0.0187753891221064,-29.400362245611465,13.49785538844232,1.9500980299750197
HOOD,1111340,0.0133026601272943,1.107241384555736e-44,0.0174105964998131,2.975560161265642e-75,-128.9250804679548,42.584369199311546,0.5057346200446884
IEF,671012,0.0158240099920886,1.981393816702127e-38,-0.0065867092069596,6.83053905040955e-08,-12.634745809711792,11.456640931513029,0.8534897022085204
IUSV,324395,0.0436753897225178,1.018736077377248e-136,0.0041241536576219,0.0188268956550657,-3.899889871571144,2.773315032782522,-0.2012608353842195
KHC,1020257,0.0311777817213733,8.796416524793036e-218,0.013362214075775,1.618593270619643e-41,-15.644375766259897,13.342080992907544,2.707362970050826
LCID,739926,0.1059613579211127,0.0,0.061551725692959,0.0,-13655.719026660674,-6602.812881335793,-7078.083289434266
LULU,927274,0.0308179465287599,1.2662552874508361e-193,0.0229980055304401,1.0702964210860918e-108,-33.40814998747351,20.568971186291307,5.409954982214508
MCHP,1573328,0.0099391096597652,1.1277545451903528e-35,-0.0020577512287115,0.0098489797154066,-4.773503084852301,1.3220501071171835,-0.0686952469895676
MMM,1257118,0.0224704188511562,4.290748417123423e-140,0.0114080414482821,1.8351068216996813e-37,-32.21768096992753,9.919387828244316,-0.323682881147938
MS,1690987,0.0101543863166955,8.222294857867116e-40,-0.0003175742552804,0.6796309561232644,-5.6073866479839465,-12.625350391343478,-0.5225708758457145
NGG,440223,-0.0089369390184428,3.034917782376304e-09,-0.0139077682445513,2.754044738224899e-20,-4.952666013286995,16.787934392455885,20.745932699691803
NTES,876049,0.0221831125279399,8.905434908912868e-96,0.0082145872040273,1.4856074806655183e-14,-30.31099574130378,-11.769702099377175,0.9749035568658369
OKTA,1053762,0.0357815138394166,1.532615014660194e-295,0.0125264403886314,7.631861418703074e-38,-219.54600146326317,38.42500742158656,3.679972172060402
PBF,1041048,0.0265866911779371,4.171257060194266e-162,-0.0008186247169691,0.403573393148407,-43.35516135365396,13.887795458916298,2.5980068054234917
PGR,944152,0.0165640127815742,2.72502500111306e-58,0.0020437385832988,0.0470501140435665,7.850292710158418,-46.42726614832082,-1.1194280505288372
PPL,1006171,0.0264664844685425,2.3941673680021442e-155,0.0097002700414862,2.237752895828172e-22,4.248718708250652,-15.185809205997767,0.955627179219158
RBLX,1503359,0.0152131703185486,1.1680954569825111e-77,0.0182775042341656,2.9939571283143725e-111,-50.37066882344958,19.829984111812397,0.8577387045220966
RTX,1496366,0.017443977872487,4.815744514176096e-101,0.0088618179960396,2.2122270121027064e-27,-4.858079540714568,-6.629733968589936,-2.21379090834252
SHLS,895156,0.0348421977831405,1.847908493796044e-238,0.0035639477668226,0.0007463728107665,-315.7291305998333,141.6397497860415,0.7990094614076172
SOXX,1440157,0.0109789893353987,1.2079285213117435e-39,-0.0027115815508917,0.0011376088110183,-12.574245350854904,4.714776965241546,2.262240333347967
STX,1050598,0.0177199758129159,9.92387743531268e-74,0.0114694909584219,6.542795491860235e-32,-9.046570320418745,-3.781165679497596,-2.113673195651475
TEAM,939315,0.0420706196830573,0.0,0.023380976356966,1.0267710679593244e-113,-62.84309706766997,46.021924182262914,8.49444973108045
TOST,1304110,0.0274616973096283,5.797120323517157e-216,0.0149659256124047,1.711884696184969e-65,-63.62396261867801,35.10361344847201,2.562806839133368
TSLS,366515,0.0447568882594318,7.60268735785587e-162,0.0256903354318141,1.4585762368092156e-54,-6.179984086621785,-2390.76533379899,-2396.0146858796197
UAA,773043,0.0370766628122839,2.957039799061006e-233,0.002767142715961,0.0149762923893088,-94.14697525501118,50.69377932481792,8.023025979373882
VALE,707152,0.0241553927143186,9.329354875271307e-92,0.0026144775859346,0.027908156541044,-147.85187340582976,97.03201560415376,1.5489445604603014
VTRS,588505,0.0511191959210846,0.0,-0.0074482059789748,1.1042254058977526e-08,-197.13258118408447,126.85415547552644,2.8672629757798576
WELL,900084,0.0254194417072038,1.5425268843445574e-128,0.0002689641257162,0.7985892278975534,15.077554541832557,-23.58172264564035,-0.0704090130530792
XP,933165,0.0285555889548527,1.4498806801332838e-167,0.0074992395282366,4.343818794543181e-13,-22.274299583544074,-2.151510475596322,7.554753191707967
ABT,138793,0.0250687920970966,9.56583781716738e-21,0.0179380138675144,2.3366456035908258e-11,-4.128667126843897,-3.75468474618947,0.6900203676763205
AEP,1402579,0.0168485847130237,1.3490216401665977e-88,-0.0034606813689519,4.158149679902831e-05,0.3885034461169552,-3.1134386214523557,-0.5530986791479078
ALGN,651662,0.0410930702240704,1.6816949311276235e-241,0.0144120541572355,2.742423125358048e-31,-39.08568904575432,26.900874220311472,7.04072080964178
ARMK,724358,0.0314191056300891,1.3340299938597952e-157,0.0142913809630538,4.84017456740349e-34,-871.3816965688329,-60.66313075603989,0.8000012727722752
BAC,1288017,0.0200058095852857,3.8195507161543424e-114,0.0044400119389168,4.679053591053766e-07,-2.0948445622121303,-1.885718586972537,1.2493029362364954
BHP,1356614,0.0108038759114749,2.584735578894828e-36,-0.0012238461143649,0.1540245705757112,-17.39324108216381,7.617099798213845,0.0710364939905942
BTI,937631,0.0171191988766563,1.0061302202841725e-61,-0.0053738477273966,1.954646651790783e-07,-26.50915896591404,13.30516895174252,0.3780235280427068
CDNS,956266,0.0177539617832881,1.5799579984864262e-67,0.0025242536705212,0.0135703609786064,-3.817637543503795,-10.03739053516328,-1.2736164742473446
CL,477817,0.0195755507328923,1.0023754857549467e-41,0.0148723509021859,8.587571988310875e-25,0.1095846580034954,-4.313729113723024,0.7922356507089953
COHR,835351,0.0219883005102391,7.504557691409586e-90,0.0070260498063521,1.3475531311849325e-10,-12.27570448781215,-8.46386475780501,-2.017447913006632
CRM,1556834,0.0195228349138813,4.3727644571153695e-131,0.016985186619253,1.0741280019826383e-99,-238.6271280178485,11.385521680791756,0.6991899439396203
CVX,121388,-0.0226014929627559,3.3948764557757957e-15,0.0422915564055156,3.507524470158614e-49,-60.17318908143252,8.429688453600559,-0.9434759515338332
DHI,1163380,0.0179478954318869,1.6737967130279572e-83,0.0098359565266669,2.697127611898602e-26,-21.83279427747152,10.88842124888274,1.501422426601669
DUK,1338304,0.0183432501671752,5.960731231366506e-100,-0.0014633996245838,0.090467936493485,6.955689837131613,-13.779837963279164,-0.3635342165506101
ENB,889994,0.028481081544777,4.384647959089886e-159,-0.0105637118461402,2.1466704325543282e-23,-36.12146845071683,20.200917365181223,0.3668219644734628
ETSY,1241948,0.0362039629584988,0.0,0.0454587900941253,0.0,-76.32742655039681,57.14614408891829,8.308807897762664
FE,1108705,0.0239116089336848,6.418185287047051e-140,0.0042405500792051,8.002954667833056e-06,-13.98803048538432,-3.4335188488011137,0.329255404522853
FTCS,234930,0.0546732193007233,5.7645435300917985e-155,0.0013885444023265,0.5009356125593902,6.5155901704672505,-8.806774448950113,1.4857498313086943
GILD,1398093,0.0228459226095531,9.39643011330356e-161,0.0389732309812927,0.0,-14.50534316201952,8.105862523018864,1.0789566441370868
GS,1206759,0.0146577848699516,2.4380262319727106e-58,0.0027201443658732,0.0028067059015413,-5.865042283048745,-5.354871397337998,0.0039649727659676
HPE,895177,0.0211570914796233,3.706532282602074e-89,-0.0008675497011463,0.4117484089735149,-54.776603572290895,-11.628212130276946,4.084411939157567
IEI,339338,0.0249284682725696,8.573445795682383e-48,-0.0186187024886456,2.0652584696850354e-27,-14.986998923653104,13.307753130402844,0.2474443347350062
IVZ,932565,0.0256391146092395,2.2140148500140667e-135,0.0010112438656852,0.3287914252886221,-29.19125038143637,8.8502227631734,0.8719236067894462
KIM,881600,0.0320000606701879,1.9563336858104478e-198,0.0079057206063922,1.1443821900315238e-13,3.363789671850398,-25.57164112758233,0.8099646908592006
LC,599273,0.0354459399606013,7.292828851130913e-166,-0.0196691556389282,2.30993105755618e-52,-280.5776181520076,113.13620704726635,3.179893566979365
LUV,1447838,0.0211528635488693,6.175187275531825e-143,-0.0033974501177661,4.350540459910759e-05,-24.620049151593225,16.360483653079058,1.1782068526268104
MDB,845728,0.0330747240269827,2.5704310118744017e-203,0.0071467690551237,4.948034612497417e-11,-67.84332224479124,26.524350384631024,-2.129417683629299
MNST,1293209,0.0129083236437215,8.677099027217363e-49,-0.0043001225495895,1.0079030137673305e-06,-5.078752471545941,-0.5670760881575138,0.9250232212990028
MTCH,1221280,0.0297687488627136,1.8543534611450824e-237,0.0252208029326237,5.171078690600408e-171,-63.87456009117186,32.22051126846118,5.252359024495733
NIO,871335,0.032314992197387,5.458733982614948e-200,0.0105182187978927,9.370621901568958e-23,-204.85390835612003,99.03143538165816,-2.2305322375865924
NTR,951746,0.0244745401989515,4.908961753473225e-126,0.0009117506902671,0.373745207487534,-27.96598804583656,14.498054909923155,2.2220649189625523
OMC,904964,0.026020373954911,2.591254846021774e-135,0.0048613955547503,3.752371114319884e-06,-0.9619695238661768,-2.617676508711245,3.792248403492791
PBR,757072,0.0232256962819168,7.780004679440535e-91,-0.0028908199562712,0.0118931064608344,-69.45462016552588,33.78572907922309,1.6224021597745606
PG,195138,0.0032277855173416,0.1539115473746108,-0.0045272967298021,0.0455105420035975,-16.7104359670527,9.168275532496311,-0.9134519639805124
PRU,1020985,0.021148417387873,2.4594630427722436e-101,0.0018396162178893,0.0630530149454335,-25.57009711458303,10.132089424337954,2.597194860008764
RCL,1231030,0.0138733862120244,1.8098484721221362e-53,-0.0038234703414411,2.213195457676408e-05,-20.46694515420808,-0.6463406084800776,-2.003831946392998
RUN,1314905,0.0221169919691857,6.221311068549102e-142,0.018609545419589,4.700617212303664e-101,-42.72539386816291,23.860997796096424,1.7424340036079935
SHOP,1555630,0.0171972771411409,4.483341564460028e-102,0.0183536835068119,5.390491433876891e-116,-19.056669520566786,14.588455381243856,7.311770682144202
SO,1487216,0.0213750598139579,7.950407080003292e-150,-0.0011508237939911,0.1604839525177985,3.439197416737981,-6.666996551167929,0.7290964129587252
SUZ,371595,0.0366672526740658,9.807268099050843e-111,-0.0121397960664967,1.35676149558293e-13,-17.668972060364183,-5.997480126514774,3.5138614822421403
TECK,1254311,0.0234704521973432,2.523925686925104e-152,-0.0005953681195688,0.5049075378687404,-30.96516789425104,8.046211445968273,-1.5478599213914828
TPR,1169363,0.0177384014578639,5.105609953752042e-82,5.533458454960663e-05,0.9522853411502912,-1.8786411306929525,-12.91579881397126,-1.4792495136729535
TSM,1633615,-0.0039078552911717,5.890887321378262e-07,0.0088136502590314,1.949166656862651e-29,-12.896327209165577,6.479244544592776,-2.653647717391745
UAL,1345962,0.0135845342037674,5.781148457273214e-56,-0.0132202343908092,4.248737490486238e-53,-6.773893465664777,1.089338734819816,-1.0259333061784033
VCIT,616945,0.028956392038935,1.4759147520078971e-114,-0.0378154634966394,5.2098422936753875e-194,-57.230933508376985,47.212737380024734,-0.8819082502990446
VTWO,1104187,0.0220079059158494,2.379281734894316e-118,0.0009463362678443,0.3200222743300819,0.488450125556651,-0.9195135889815124,0.6789772913980998
WFC,1543423,0.0103483704962022,7.89868690310234e-38,0.0030037048732991,0.0001902331401591,-8.143425469309417,2.272444260824329,-0.2782118685021972
YUM,810721,0.0290488720261866,7.369185867279963e-151,0.0057093088484473,2.7371924418766253e-07,13.517969267021522,-24.903158230744097,1.7565739885172225
ACN,977788,0.0254200725216097,1.808721702190876e-139,0.0060607092082666,2.05918236007231e-09,-7.233145872474759,-11.633614970376868,6.250613553895275
AES,974485,0.0288339574662927,2.786635467329534e-178,0.0027692214160885,0.0062633440799486,-20.88540381317488,-10.191628541992689,-0.6276216342472323
ALLY,1205655,0.0192351516591119,4.933097401588294e-99,0.0004095038131612,0.6529669762163975,-22.287091799453048,15.219041812804438,4.989561515610025
AR,1397602,0.0203513824529473,6.263736588503301e-128,0.002123670122411,0.012052343578957,-24.733285790563865,10.159278894688208,1.693470844928137
BA,373286,0.0192877497654449,4.6465532044966666e-32,0.0012737825155607,0.4364261589558859,4.660696379945729,-16.248245771329167,4.966770336410338
BIDU,1183618,0.0282216767860424,4.232875454311721e-207,0.02672247409633,6.879605656542104e-186,-104.18082336764164,69.09774391559012,2.9121818654974594
BUD,927490,0.0143070081651054,3.3985789214128883e-43,-0.0054795713201968,1.3116989359572186e-07,-31.80919595325022,10.369038609947198,-0.8547195019323978
CEG,948643,0.0113339621215137,2.466004271555335e-28,0.0096292298281464,6.665711894817374e-21,-0.685230447962778,-24.46070575783796,-8.799407201784206
CMCSA,1195657,0.0185682285453425,1.1528849153958689e-91,0.0059393757325081,8.329506364302762e-11,-1.952401918152641,-1.5390545727337808,3.1673986473887745
COIN,1341283,0.0218480442215914,2.7408046159670023e-141,0.0369091864126149,0.0,-291.8418556082753,67.40082573173584,0.0341643942555952
CROX,833587,0.0268532906981992,8.669659524873601e-133,0.0014317611623849,0.1911411405943579,-127.37352669083,62.77996108727545,4.32945522135418
CZR,1319947,0.0296498131787291,1.9293328662890053e-254,0.0110275946889372,8.686868330690606e-37,-26.12206041333235,16.87360437354311,5.075379625558716
DHR,1017555,0.0231064836832756,3.3891577740190616e-120,0.0101029148806213,2.164994526539913e-24,-61.92801744357964,46.823656419251584,2.452346695535865
DVN,1732009,0.0147925331420488,2.01614030450885e-84,0.0131885071966305,1.7284415465638872e-67,-16.34063072406707,10.551788417598878,0.9248421465074356
ENPH,1268762,0.0281227155543805,2.6244005905890924e-220,0.0199766288507094,3.8128054393860525e-112,-67.15732442275201,40.59950421029127,5.466170454338854
EVRG,919396,0.0270431379172022,2.6807766475762483e-148,-0.0006980258375416,0.5033027106551375,-331.9493396108369,13.630450194074331,1.4166012366727074
FIS,1281628,0.0249127420267332,4.6890476081501055e-175,0.0100724727936104,4.0291229166235694e-30,-50.72634524824597,32.728688057050455,4.46335347302
FTI,928295,0.0235577987476349,4.418914075137598e-114,-0.0033745061051038,0.0011488815527811,-126.24081319920066,39.19951106557379,-2.185627169570948
GIS,1305035,0.0224181063651562,1.0869065701703928e-144,-0.001534639905396,0.0795774195549297,-3.173957102729282,0.5044319431163979,2.6042828944197565
GT,783228,0.0319539275671204,5.071897138947596e-176,0.0004650202686173,0.6806743507824113,-26.189702861905324,17.05651069330654,4.234433820249446
HPQ,1243979,0.0217312978377267,8.311575179019116e-130,-0.0043892147062242,9.806761271389777e-07,-9.870513042355778,7.528933067180274,4.904753462387863
ILMN,819240,0.0397995917399266,2.1585670354920302e-284,0.0197363829232202,2.190261506400131e-71,-129.149059195695,57.29134282906367,7.173432686002422
IXUS,553662,0.0270551491161826,3.645947142641413e-90,-0.0217961604202047,3.637267827870131e-59,-26.28529956159449,21.84390605163064,-0.2192581497543728
KKR,1214245,0.0173418573577549,2.0493187690428487e-81,0.0103568569343241,3.609065129541045e-30,-35.7269444584345,9.874132331333952,0.7758079972839159
LEN,1102744,0.017654772333006,9.643724964257324e-77,0.0016084391102807,0.0912104006446771,0.0364455954762996,-11.210944692534824,6.089745877786086
LVS,1393383,0.0248981602806306,6.413390786520294e-190,0.0110705478426013,5.000558561894119e-39,-3.729272729737226,-4.237378435293567,0.3838026812654004
MDLZ,1389389,0.0156817417081371,2.6989841583124867e-76,0.0068760507890246,5.272343884743566e-16,1.069629584733071,-2.204695214286137,0.4918215697859577
MOS,1334385,0.0212334794253436,6.9471607171586874e-133,0.0003157585920127,0.7152979964291571,-26.978582131809056,9.079948957080212,2.3960004136415343
M,1128418,0.0290619086277159,2.3520086323169345e-209,-0.0006000365505316,0.5238641303485951,-65.94778474243188,22.070435528264294,1.872999582495532
NI,999866,0.0292881673504228,1.2941466152057388e-188,-0.0011464168529124,0.2516549185253994,4.623005142433664,-8.253208756613732,-0.2459634543056561
NVAX,951204,0.0441924536491867,0.0,0.0107002556061226,1.6943948052617302e-25,-518.4528847748543,124.98327073022612,10.858783894148113
ON,1534457,0.0254889632476271,7.149890569829903e-219,0.0121370640910655,4.32321056300724e-51,-2.3430215364947125,0.6365889076046427,1.725720342331283
PCAR,1068998,0.0125151949540802,2.6677057958885816e-38,-0.005107483693519,1.286377677049502e-07,-3.461513260435144,-6.7244438084732,-0.299572012893437
PHG,564938,-0.0053043182369303,6.695072355123163e-05,-0.023826593285842,9.655164443996877e-72,-92.9042900832628,109.26461421755948,46.08565101290609
PR,799000,0.0339005763768964,8.13515552481558e-202,0.0052708133260795,2.459764856798304e-06,-43.917337704684,-5.022715152219185,-3.5726420389363778
RDVY,376884,0.0372795268093676,5.318261145170299e-116,0.0073570600878404,6.2837487898772326e-06,6.661392420786618,-8.471952381473985,0.0229881587087217
RY,585096,0.0311534439174503,1.4320139328513284e-125,-0.00324526234751,0.0130517799859973,1.6205173500700385,-6.055973770816748,0.4178251091536673
SKYY,315344,0.0400835159116033,2.7620972895622733e-112,0.0015644679317879,0.3796551777230296,-7.996981727299331,6.51023961446962,2.6315894335709213
SPG,828187,0.0196594726460259,1.3428445524041845e-71,0.0032181474005967,0.0034041438861763,-24.70836744156916,10.659466595739366,1.1383713061261234
SU,1367084,0.0198573310613086,2.864552935122047e-119,0.0040644550921721,2.011431346804695e-06,-11.6904578649391,-6.855427066608921,-0.2203220480106908
TER,1055105,0.0187507836679923,1.1162911672253316e-82,0.0114254461724004,8.294860899299948e-32,-38.49581832266321,22.382347505527616,-0.3784698303156601
TQQQ,1086129,0.0154609091559513,2.036932770255821e-58,0.0027733329818044,0.0038487325347659,3.723496201392869,22.685150576133296,30.319668046997485
TSN,916165,0.0249508357917482,4.307124247856911e-126,0.0010712985980188,0.3051704750047495,-12.329385697512327,3.410157072540173,1.7974845382340876
UBER,1559753,0.0143140121470694,1.7600541078405597e-71,0.0169786277795788,8.382972044609656e-100,-8.992959678904406,-0.5446281031786486,0.2383764431431357
VFC,1211887,0.0298549076096996,5.294830015895873e-237,0.006827251311175,5.651646257231656e-14,-99.95138587838852,71.00391580594,5.152194331494171
VXUS,732375,0.0276282122084063,1.2260149204203568e-123,-0.0353263585694356,6.789718743418428e-201,-9.317665440417358,14.06400301716739,0.0051148890564282
WMB,1361156,0.0144081405883122,2.0398632065656544e-63,-0.002416722463484,0.0048089905079383,2.5924151095351515,-29.62609158576796,-1.188044269181301
ZG,679942,0.0324384481397734,1.0719049161780656e-157,0.0004467294968906,0.7126001887430045,-19.65031186732466,8.116510341998481,7.355226767573239
ACWI,1276858,0.0204915093057479,1.2235046322774205e-118,-0.0055420674090234,3.7891431382351335e-10,-63.424944346659416,14.177476657962275,-0.4805788117414529
AFL,1113641,0.0229589578085582,1.0344512110180363e-129,0.0020440746141016,0.0309982459166034,14.172906729577608,-17.323388865366702,1.8098319531869875
ALL,796743,0.0265629602821712,2.5632837977697858e-124,0.0010707870939213,0.3391792122506524,-8.546200502423618,-16.31398631132108,0.0491334817187409
ASML,987479,0.0137621964457501,1.404828697760092e-42,0.0059479187811555,3.408445284425467e-09,-0.5138958014233505,-12.573595062344191,-2.664171731160351
BBWI,1254294,0.0234072351471912,1.632576627095098e-151,0.0099267031916328,1.0288957750787795e-28,-39.29390036166616,16.451292433204568,4.431885576342315
BILI,1073165,0.0267439192216461,5.300535454994275e-169,0.0094455762125872,1.3030305754358837e-22,-46.31190866439583,27.067250891097903,1.4352239062765533
BX,1233220,0.0233840498799063,1.0365895869320951e-148,0.0058011252058171,1.1773636556917252e-10,-37.981960485821375,13.405432601357564,0.9168246092303236
CFG,1526872,0.0153027134068137,9.409976704446827e-80,-0.0018866125175808,0.0197415363986537,-11.130944503290062,-1.3100133657591233,0.45769452176371
CME,803010,0.0264201273905449,5.880345901693764e-124,-0.0006254480207925,0.5751600457167145,-19.337925857555824,12.759086682165762,-1.0095074496031624
COLB,877113,0.0279056906079607,1.28267033572394e-150,0.0010370918485874,0.3314088136967028,-7.414699542381586,-2.141859903542477,0.9744926510577436
CRWD,1268838,0.0134578181607181,6.514613145920501e-52,0.0138211819034955,1.1772119898199836e-54,-31.245965717948035,12.976847511283715,0.5272772613009447
C,1555251,0.0085338936371317,1.884249053892113e-26,0.0100499290671919,4.8927021117218136e-36,-15.321773684228654,10.05857670772122,1.232424626193538
DINO,926883,0.022560281859835,1.2549216617282392e-104,-0.0002273513777281,0.8267421960094556,-23.031399434575068,8.493904961165947,-1.4624193691678378
DVY,559893,0.0341125334828691,8.609152749371703e-144,0.0058758294954035,1.0992113271506907e-05,6.106938718173008,-5.878843444013752,0.9257677815964775
ENVX,1013883,0.028164107896009,5.541220361420272e-177,0.0120842225080881,4.588405229774222e-34,-256.73914803552327,162.98275524198348,47.16849900233008
EW,1199985,0.0223868832517558,7.70677972740853e-133,-0.0021024050836343,0.0212757414252188,-13.66602586212403,-3.986470570476718,2.032533326665229
FITB,1356506,0.0118470695135152,2.596657560249205e-43,-0.0058894292472197,6.914038916121119e-12,1.0540272086983828,-5.484763403135534,0.2047806055953066
FTNT,1383480,0.0119229542405118,1.1048912302674444e-44,0.0118170154681989,6.350539225987916e-44,-285.85001160731804,3.7014642156449087,2.9699447499890117
GLW,1224719,0.016831732568071,1.8881819182519948e-77,-0.000462428505193,0.6088222320623938,-20.391660314372487,12.20694628662512,-2.985204695383592
HAL,1525964,0.0154596526855798,2.6023669336402227e-81,0.0016111707390453,0.0465603737994444,-16.486577157639754,7.576791977717479,0.6784445839142091
HR,714112,0.0322470805106937,1.3548676239829557e-163,-0.008969343222838,3.4636577519165103e-14,-94.22975212241072,64.90118967721294,2.484542042660422
ING,488321,0.0233849833727096,4.830461384957592e-60,-0.0011954267169517,0.4035139334493305,-26.43744785003797,-13.815614650164315,1.1546069995953312
JCI,1342632,0.013355800077744,5.0143446920991687e-54,-0.0023638051204195,0.0061628340517752,-7.85181416677373,-2.993142665639194,0.1719898980776025
KLAC,822459,0.0245429587560666,8.784060046523081e-110,0.0223768559942183,1.395597218549825e-91,8.289229573644814,1404.011412144744,1412.526176637561
LIN,849648,0.0220988056652054,2.9433125365937384e-92,0.0042019225185697,0.0001074198763819,27.75662254218209,-40.00468194779034,3.2548348759386534
LYFT,1057895,0.0371118275927455,0.0,0.0203972377763018,9.671567829464832e-98,-73.18714627430143,39.54741731916428,4.541512858613146
MELI,632553,0.0312998312153421,7.475766286835989e-137,0.0087316350781935,3.793527589914704e-12,-109.94330299381755,21.557295875321497,-2.266901527899225
MPC,1241059,0.0133426492043167,5.583527588833658e-50,0.0056281830624163,3.6105178562046885e-10,-6.832036030769697,-6.980513521868123,-0.1450005405634751
NCLH,1256907,0.0218677421932261,9.210377392110443e-133,0.0042872688751483,1.535537543420472e-06,-10.287577294050724,0.7918377345013312,1.0591233661846835
NKE,1764121,0.0257487075807355,2.0281296855362736e-256,0.0167914535917635,3.3789319234673905e-110,-18.50427555298917,13.42122976885035,3.947105485750724
NVDA,393611,-0.0849784342797683,0.0,-0.0434118139911274,1.7243449874945807e-163,-4.421808993226622,-3.5560620297138312,-1.569915754235753
ORCL,1644389,0.0142042106662158,3.888886981141827e-74,-0.007929769594206,2.732777950549784e-24,-5.866901698871953,-2.1389082648797832,-3.2446245731856176
PCG,723686,0.0302881052159663,1.8330457338466517e-146,-0.0024070724044593,0.0405904263424661,-57.29798086811199,7.754932393806913,-1.0263515545522677
PHM,1049321,0.0185757419365282,9.637227498446583e-81,-0.0009709293024386,0.3199387360534879,-17.240148345818355,-1.3840086093122372,1.4532020239256571
PSX,1322948,0.0187265922300568,6.416947163478894e-103,0.0018129221701486,0.0370499400198099,11.481326665737916,-29.47791206428578,-0.5211125965471398
REG,751464,0.0282383016792113,2.198815996340914e-132,-0.0004125904623862,0.7205964159206936,-385.29524541885166,-20.855974893087076,2.1193353102461336
SAP,863800,0.0147151149536356,1.3918477650714385e-42,0.0095543985750897,6.678332472120097e-19,-50.07108054837559,21.670812075930595,0.1447065480089694
SLB,1584835,0.0124135028270906,4.69472748049351e-55,0.0075253620124859,2.697869748412204e-21,-83.0713484439793,-4.536081125821668,0.2099706494780545
SPY,828960,0.007062811794225,1.2712988348389135e-10,0.003183056542635,0.0037544509072959,-0.3189451790742511,0.5262620060439112,0.0616781276079496
SWKS,1145060,0.0172819715925708,2.2923667869030235e-76,0.0036013237311927,0.0001163490272662,-10.90493221465611,4.696139288296068,3.751864027922828
TFC,1581530,0.0210602594511154,1.330251501873023e-154,-0.0008274366651611,0.2980730370586738,-5.328354171220585,0.6774090805800413,1.2232233750198866
TRIP,930045,0.0296995172946298,1.6903801023598497e-180,-0.0065218766610181,3.1811966362360516e-10,-93.12389256535484,43.32941201139314,4.818151340349211
TS,1013481,0.0176486434344574,1.238118031885508e-70,-0.0075942802625733,2.0829848444594235e-14,-79.7569803029559,24.18069022730935,-2.027132881717481
UHS,513764,0.0330378656436386,4.901005892198878e-124,0.00383938010231,0.005923818439678,-69.51998025090715,5.459049452103141,2.0506655559297475
VGLT,497696,0.0171937709368171,7.266660494620961e-34,-0.0251419092117867,2.0679429454854488e-70,-76.49522728003201,63.10421492291458,2.1614816705076523
VYMI,258929,0.0437321551535512,8.313576838491904e-110,-0.0200047656781069,2.4254270304941164e-24,-52.29408063888208,44.638265745719984,-1.4749037438318375
WPM,901374,0.0175850343749064,1.3868947375349627e-62,-0.0052082844444742,7.621842239737199e-07,-21.92911628181429,5.653408471880415,-2.3781818921475653
ZIM,1000135,0.0254052353977612,1.9052469367710106e-142,-0.0034734314319491,0.00051338816712,-170.49086325694094,82.11625179550883,6.093074600689241
ACWX,424859,0.0316714559181106,9.975058561452066e-95,-0.0270658455829466,1.1112376914442534e-69,-136.7564862807312,22.31331738217293,-1.1739221765310752
AFRM,1320319,0.0237825187777299,1.808045149270634e-164,0.0387748278340363,0.0,-785.7407555273102,55.57441193427174,3.163972966259457
AMAT,1463196,0.0002995018130702,0.7171390698328095,0.018391380318879,1.1646866802176197e-109,-43.21809297130089,14.822646891466588,-0.4935500224406453
ASO,896115,0.0322249058589196,1.748949732786489e-204,0.0081232745396568,1.4727307312161095e-14,0.1449722181048786,-5.513221398273884,4.042734459866993
BBY,1179093,0.0248466431589183,2.2698352341723243e-160,0.0075093885846332,3.5133982996500523e-16,-33.204936260034486,18.863635309843485,0.2519803189105152
BKR,1286462,0.008559322314049,2.7779938421523792e-22,-0.0080367579411692,7.822574486943647e-20,-5.738947655635398,-3.986122494411113,-1.06638939941904
CAG,1066589,0.0233153975550816,3.821817828948007e-128,-0.001193173305856,0.2178526408437526,9.54570854959768,-16.172987282543037,3.549778445022991
CFLT,1184952,0.0254325421691567,9.427923522035222e-169,0.0140797813787726,5.019772524687012e-53,-66.28163959525224,44.64243711570737,6.463344282251613
CM,590235,0.032160496391972,7.52489705928403e-135,-0.0021729384520094,0.0950388276605307,1.9666529339529824,-24.783300041438917,-0.3045591006873458
COP,1737286,0.0113835289392432,6.843452264515957e-51,0.0045706792027511,1.6967179035393506e-09,-17.99748154575569,2.395607525721063,0.074527889493181
CSGP,1008191,0.0265761615343751,6.238185334089283e-157,0.0059661263907287,2.0912393489672527e-09,1.3917613475994006,-14.553414880313792,1.2444602433805332
DAL,1557835,0.0157330671779287,7.300445746359444e-86,0.0019886391451481,0.0130615813718941,-21.121143690816066,15.06204105308584,-0.1966968473097156
DIS,59338,0.0216946602054842,1.2556882722493477e-07,0.0213833541719221,1.895125316024729e-07,-6380.988988459849,112.76548851018448,-5.273028600601782
DXCM,1067494,0.0242317319985915,2.256261349065609e-138,0.0071206511464555,1.8793023748922618e-13,-2.011856516852419,-0.6902428352624518,5.506424889690855
EOG,1412498,0.012084810611009,8.81477864568843e-47,0.0044682517831865,1.0934008217797155e-07,-17.015165284573857,4.285664993568036,-1.0348700686525516
EXAS,909665,0.0407663398565719,0.0,0.0186196213263267,1.4363938029339567e-70,-141.7957355398976,70.71198658607489,2.232319083661512
FIVN,672547,0.0416168630235992,1.625513659028469e-255,0.014313551450048,8.045600867299334e-32,-240.736026938408,134.42766872702535,3.2931345282262985
FUTU,912147,0.0293653611799815,3.796948060065151e-173,0.0039528213247926,0.0001598752214629,-40.13548016766563,22.815333639767285,-3.3375916924679445
GMAB,561493,0.0225563495453133,4.187915945442735e-64,0.000596482950125,0.6549034797220106,-70.76828289288706,23.4204915987903,3.030893697954403
HAS,836627,0.0354251367576596,1.8270592290335003e-230,0.0054520051174464,6.137726883703346e-07,-23.31271099015217,13.509378423236296,0.295463270562189
HSBC,869686,0.0132914143519172,2.7573352034561746e-35,0.0047287316197812,1.0342336979976868e-05,-1.829125602747583,-12.946502512127791,-1.3944511968008078
INTC,1265782,0.0277557234418622,3.785936700606731e-214,0.0233373547388255,5.538218034555886e-152,-27.843752233438806,20.18833410906151,0.5313812516282731
JD,1207229,0.025546001733892,2.0956088568623184e-173,0.0293479160205812,3.2311338395923915e-228,-138.374122528381,32.3975786426539,2.3973212724461472
KMI,889698,0.0230819415380906,4.036693688839343e-105,-0.0032554609379437,0.0021357304333499,-26.53593355318004,17.07650401402695,-0.7172995069625412
LI,1131608,0.0154308916495434,1.4720923442170498e-60,0.0166790942400664,1.919698847904145e-70,-35.53518071215733,17.184627288816458,-3.5913559951580454
LYV,848475,0.0234045017905422,4.1353329983608985e-103,0.011174140980132,7.569182065534887e-25,-25.887500380109326,-7.099656276553035,-0.9969846312906252
MEOH,340992,0.0480694130718553,1.4509167191963991e-173,-0.0027277570719545,0.111192099377119,-609.057929001064,-89.51734552656949,5.027112001635017
MP,1033706,0.0233847173839862,5.538282194570156e-125,-0.007710878742447,4.510480312139982e-15,-82.54535054672628,49.069756648167214,-7.284792820805033
NDAQ,1099417,0.0226025094828644,3.403555175907456e-124,0.006809056481458,9.361611164962234e-13,-7.652507699286485,5.1813219601846425,2.2693430980554066
NLY,720985,0.0307700954440789,1.5264596591388413e-150,-0.0230809390869981,1.5222660163976802e-85,-90.11247591395473,57.50067452868115,-8.570248569383772
NVDS,326518,0.0272837270996468,8.091926780822418e-55,0.0076077258451414,1.3786497796337932e-05,-13.919548291143068,-569.9654489634146,-561.4103922062488
OTIS,930062,0.0249109676985836,1.425978239138515e-127,0.0025673968026218,0.0132866892399135,6.972278573341675,-12.286252146470783,3.0888229534131737
PDD,1293798,0.0169428682389394,9.040860230925295e-83,0.0145774968782393,9.393034292063473e-62,-19.60645588674239,0.3438078220966991,1.9262291206678803
PINS,1375227,0.0224898777817925,2.5023885332292313e-153,0.0091985038284016,3.951854963544112e-27,-55.11140135935268,21.05591083803369,1.8119337828926412
PTEN,875270,0.0304711487467264,7.827158857895864e-179,-0.0009022900173689,0.3985888296355337,-54.73377982444274,24.602465906836112,2.2214738544170234
RF,1106699,0.0240235025336935,5.823781404834892e-141,0.0016541037408665,0.0818392781759519,0.2553289170691457,-18.622532230455715,0.8081596566748688
SARK,655365,0.0316842394569668,3.601139375624133e-145,-0.0025652746682408,0.0378285421650911,-28.93782427835855,17.357910179226383,1.4706673988140095
SMH,1530165,0.0028164494303369,0.0004940764776275,-0.0059141520650248,2.5574858603224943e-13,-20.45516389732073,2.7158904702605144,-0.0201703309873829
SQQQ,975188,0.0104429933555252,6.161879180293371e-25,0.0007073861193975,0.484830576705622,-120.60343425240868,-1395.781263273686,-1437.9692290334383
SYF,1354291,0.0170083125178759,3.309215012558301e-87,0.0090511965291644,6.057528604399807e-26,-9.267483105396014,-7.945124563370527,1.1183478895640984
TGTX,937577,0.0381914811553629,1.445543076173814e-299,0.0100260914718293,2.7779474851437257e-22,-598.0069162031864,119.86768736002416,0.2276463896947198
TRMB,784751,0.0280242079332744,4.210015672324683e-136,0.005085015639163,6.648471516712681e-06,2.906392795904676,-16.233813544999016,2.8367897059685387
TTD,1340667,0.024139119497282,5.885608992015524e-172,0.0127500826749602,2.5168863294446354e-49,-44.0527726738403,21.655474367844164,5.187691826631581
UL,977643,0.0280935972505288,6.918094246974167e-170,0.0104205212356647,6.7841987089693755e-25,-11.941597210925275,-81.49875207631456,-79.99442611604921
VICI,1074254,0.0246624455323116,3.687544821134482e-144,0.0038747485392455,5.918396426432173e-05,-11.439735421808496,2.1590166200230247,1.5715860171323708
VZ,1208372,0.0186506893624246,1.9947213329570757e-93,0.0035425780012256,9.851456068980964e-05,-32.19424597584504,23.889507761370293,1.6599281276705906
WYNN,1077638,0.0279432129728946,4.4718337888529125e-185,0.0205776798612407,2.902665894046289e-101,-9.680069444081528,3.888810566198503,2.477559410807609
ZION,1143229,0.0247233178537793,4.928100953986066e-154,-0.0048565208598009,2.0725632831163847e-07,0.661260955901846,-13.45290651241208,1.9163873467341697
